system_id,word,ner
1,白富美,PERSON
1,目洋子,PERSON
1,今年,DATE
2,三,CARDINAL
3,新唐人,NORP
3,羅婷婷,PERSON
3,中國人,NORP
3,新唐人,ORG
3,北京,GPE
3,大陸,GPE
3,中國,GPE
3,中共,ORG
3,中共,ORG
3,中國,NORP
3,兩年多,DATE
3,中國房地產公司,ORG
3,月日,DATE
3,深圳,GPE
3,北京,GPE
3,上海,GPE
3,深圳,GPE
3,兩個月,DATE
3,中國,GPE
3,自由亞洲,LOC
3,蕭,PERSON
3,中共,ORG
3,南方日報,ORG
3,湖北電視經濟頻道,ORG
3,清華大學,ORG
3,李鋒亮,PERSON
3,共青,ORG
3,大陸,GPE
3,中共,ORG
3,中國,NORP
3,大陸,GPE
3,中國人,NORP
3,中國人,NORP
3,大陸,GPE
3,中國,GPE
3,中共,ORG
3,北京,GPE
3,新唐人,ORG
3,北京,GPE
3,大陸,GPE
3,中國,GPE
3,中共,ORG
3,中共,ORG
3,中國,NORP
3,兩年多,DATE
3,中國房地產公司,ORG
3,月日,DATE
3,深圳,GPE
3,北京,GPE
3,上海,GPE
3,深圳,GPE
3,兩個月,DATE
3,中國,GPE
3,自由亞洲,LOC
3,蕭,PERSON
3,中共,ORG
3,南方日報,ORG
3,湖北電視經濟頻道,ORG
3,清華大學,ORG
3,李鋒亮,PERSON
3,共青,ORG
3,大陸,GPE
3,中共,ORG
3,中國,NORP
3,中共,ORG
3,中共,ORG
3,大陸,NORP
3,大陸,GPE
3,陳永苗,PERSON
3,中共,ORG
3,東亞,LOC
3,台灣,GPE
3,今天,DATE
4,日本,GPE
4,中國,GPE
6,日本,GPE
6,韓國,NORP
6,台灣,GPE
7,日本,GPE
7,美國,GPE
7,中國,GPE
7,躺平族,PERSON
7,台灣,GPE
8,四年,DATE
8,第二,ORDINAL
8,三年,DATE
8,三年,DATE
8,第三,ORDINAL
8,三年,DATE
8,四十,DATE
9,三,CARDINAL
10,中國,GPE
10,日本,GPE
10,中國,GPE
10,日本,GPE
11,宏碁,ORG
11,郭守正,PERSON
11,餘億元,MONEY
11,郭台銘,PERSON
11,鴻海集團,ORG
11,台北,GPE
11,秋葉,ORG
11,川普,PERSON
12,星期六日,DATE
12,尼特,NORP
12,中國,GPE
12,阿共,PERSON
13,大紀元,PERSON
13,方曉,PERSON
13,大陸男牆國,GPE
13,徐崢,PERSON
13,大紀,PERSON
13,徐崢,PERSON
13,張全家福,PERSON
13,深圳蛇口海關,FAC
13,公安邊防,ORG
13,烏克蘭,GPE
13,個月後,DATE
13,徐崢,PERSON
13,萬,CARDINAL
13,個多小時,TIME
13,月日這天,DATE
13,香港,GPE
13,香港機場,FAC
13,數十萬,CARDINAL
13,香港,GPE
13,中國,GPE
13,中共,ORG
13,徐崢,PERSON
13,美國之音,ORG
13,近日,DATE
13,徐崢,PERSON
13,希爾,PERSON
13,中國海關,ORG
13,月日,DATE
13,中共,ORG
13,百年,DATE
13,這天,DATE
13,烏克蘭,GPE
13,基輔,GPE
13,美國之音,ORG
13,六四,EVENT
13,徐崢,PERSON
13,四川雅安人,NORP
13,東北,LOC
13,高三,ORDINAL
13,前幾天,DATE
13,天安門事件,EVENT
13,當年,DATE
13,徐崢,PERSON
13,香港人,NORP
13,中國,GPE
13,中共,ORG
13,上百萬,CARDINAL
13,新疆,GPE
13,中國,GPE
13,牛騰宇,PERSON
13,中國,GPE
13,徐崢,PERSON
13,兩,CARDINAL
13,美國,GPE
13,白宮,FAC
13,北京新疆,GPE
13,成都,GPE
13,王怡,PERSON
13,王怡,PERSON
13,銘記年,PERSON
13,香港,GPE
13,夏天,DATE
13,兩天,DATE
13,徐崢,PERSON
13,深圳,GPE
13,深圳,GPE
13,三,CARDINAL
13,深圳市,GPE
13,龍華,GPE
13,三,CARDINAL
13,徐崢,PERSON
13,美國之音,ORG
13,深圳,GPE
13,香港,GPE
13,大陸,GPE
13,港,GPE
13,澳,GPE
13,徐崢,PERSON
13,兩,CARDINAL
13,香港,GPE
13,萬,CARDINAL
13,共產黨,ORG
13,香港,NORP
13,果日報,WORK_OF_ART
13,徐崢,PERSON
13,美,GPE
13,中,GPE
13,中國,GPE
13,中國,GPE
13,中共政府,ORG
13,去年初,DATE
13,中國,GPE
13,當年月,DATE
13,中國中共國家移民管理局,ORG
13,尹成基,PERSON
13,中國,GPE
13,中共,ORG
13,中國,GPE
13,徐崢,PERSON
13,習近平,PERSON
13,今年月,DATE
13,法,GPE
13,幾個月,DATE
13,蛇口,GPE
13,香港,GPE
13,伊斯坦布爾,GPE
13,烏克蘭,GPE
13,基輔,GPE
13,將近兩萬元,MONEY
13,徐崢,PERSON
13,中國,GPE
13,文革,EVENT
13,八成,CARDINAL
13,中共大使館,FAC
13,月日,DATE
13,北京,GPE
13,百年,DATE
13,徐崢,PERSON
13,中國中共,ORG
13,基輔,GPE
13,第次,ORDINAL
13,這百年來,DATE
13,中國共產黨,ORG
13,中國人,NORP
13,中共國大使館,FAC
13,幾個小時,TIME
13,中國,NORP
13,中共,ORG
13,徐崢,PERSON
13,四川,GPE
13,徐崢,PERSON
13,中國,GPE
13,徐崢,PERSON
13,美國之音,ORG
13,共產黨,ORG
13,中共,ORG
13,烏克蘭,GPE
13,大使館,FAC
13,徐崢,PERSON
13,愛國華,NORP
13,中國,GPE
13,中共,ORG
13,政府,ORG
13,中國中共大使館,ORG
13,統戰部,ORG
13,基輔,GPE
13,華人,NORP
13,徐崢,PERSON
13,中國,GPE
13,同天,DATE
13,北京,GPE
13,五十餘萬,CARDINAL
13,烏克蘭,GPE
13,中國,GPE
13,新疆,GPE
13,加拿大,GPE
13,四,CARDINAL
13,十多,CARDINAL
13,徐崢,PERSON
13,烏克蘭,GPE
13,中國,GPE
13,中共,ORG
13,月日,DATE
13,基輔,GPE
13,十餘天,DATE
13,徐崢,PERSON
13,烏克蘭,GPE
13,荷蘭,GPE
13,瓜多爾,PERSON
13,阿姆斯特丹,GPE
13,荷蘭,GPE
13,香港國安法,LAW
13,中國,GPE
13,中國,GPE
13,習近平,PERSON
13,荷,GPE
13,蘭,PERSON
13,美國之音,ORG
13,徐崢,PERSON
13,二十多年,DATE
13,台,GPE
13,美國之音,ORG
13,方曉,PERSON
13,二,CARDINAL
13,徐崢,PERSON
13,中國人,NORP
13,中國,GPE
13,中共,ORG
15,前幾年,DATE
15,台灣,GPE
15,台灣,GPE
15,這幾年,DATE
15,萬長輩,PERSON
16,日本,GPE
16,中國,GPE
16,三,CARDINAL
16,台灣,GPE
16,台灣,NORP
17,日本,GPE
17,北京川,GPE
17,中國,GPE
17,政府,ORG
17,共產黨,ORG
17,中國,GPE
17,月日,DATE
17,全國人民代表大會,ORG
17,常務委員會,ORG
17,今年,DATE
17,國務院,ORG
17,中國,GPE
17,中國,GPE
17,中國,GPE
17,中國,GPE
18,韓國,GPE
18,三,CARDINAL
18,中國,NORP
18,平族,NORP
19,中國人,NORP
19,中國人,NORP
19,豪不豪,PERSON
20,台灣,GPE
20,恆大五,PERSON
20,燕郊萬,PERSON
20,剩萬,CARDINAL
20,今天,DATE
20,北京,GPE
20,幾年,DATE
20,幾年,DATE
20,七天,DATE
20,大陸,GPE
22,竹科,GPE
22,萬年,DATE
22,四萬多,MONEY
22,七十萬,CARDINAL
22,五百萬,CARDINAL
22,四千,CARDINAL
22,四,CARDINAL
22,兩,CARDINAL
22,三,CARDINAL
22,日本,GPE
22,九,CARDINAL
22,年萬,CARDINAL
22,四萬,MONEY
22,下到歲,DATE
23,個月,DATE
24,台灣,GPE
24,共產黨,ORG
24,中國人,NORP
24,兔兔,PERSON
24,中國,GPE
24,共產黨,ORG
24,中國,NORP
24,習近平,PERSON
24,共產黨,ORG
24,陳平,PERSON
24,張維維,PERSON
24,陳平,PERSON
24,格林,PERSON
24,漢奸,NORP
24,這幾年,DATE
24,深圳,GPE
24,今年,DATE
24,深圳,GPE
24,勞動節,DATE
24,中國,GPE
24,三,CARDINAL
24,中國,NORP
25,今天,DATE
26,司波,PERSON
26,日,GPE
26,韓,GPE
26,三十年,DATE
26,中國人,NORP
26,三,CARDINAL
26,幾十年前,DATE
26,日本,GPE
26,韓國,GPE
26,歐美,LOC
26,三,CARDINAL
26,韓歐美,PERSON
26,日本,GPE
26,日本,GPE
26,日本,GPE
26,三十年前,DATE
26,日本,GPE
26,韓國,GPE
26,上世紀年代,DATE
26,日本,NORP
26,日本,NORP
26,四,CARDINAL
26,萬日元,PERSON
26,日本,NORP
26,日本,NORP
26,日本,NORP
26,中東,LOC
26,日本,GPE
26,美,GPE
26,日本,NORP
26,日本,GPE
26,日本,GPE
26,日本,GPE
26,每日新聞年,DATE
26,三井公司,ORG
26,東京,GPE
26,日本,GPE
26,日本,GPE
26,四,CARDINAL
26,日本,NORP
26,日本,NORP
26,日本,NORP
26,日本,GPE
26,日本,NORP
26,日本,NORP
26,日本,GPE
26,日本,NORP
26,日本,GPE
26,日本,NORP
26,當年泡沫,EVENT
26,日,GPE
26,日本,NORP
26,日本,NORP
26,十八年,DATE
26,東京銀座,FAC
26,安田生活福祉研究所,ORG
26,日本,NORP
26,三,CARDINAL
26,今天,DATE
26,北京,GPE
26,日本,NORP
26,東京,GPE
26,日本,GPE
26,日本,NORP
26,日本,NORP
26,日本,NORP
26,半天,DATE
26,日本,NORP
26,日本,NORP
26,日本,NORP
26,韓國,GPE
26,韓國,GPE
26,韓國,GPE
26,日本,GPE
26,日本,GPE
26,韓國,GPE
26,奧運會,EVENT
26,金牌,WORK_OF_ART
26,韓國,GPE
26,奧運,EVENT
26,韓國,GPE
26,十多年前,DATE
26,日本,GPE
26,韓國,NORP
26,世紀初,DATE
26,亞洲,GPE
26,四,CARDINAL
26,韓國,GPE
26,韓國,NORP
26,韓國,NORP
26,日本,GPE
26,新世紀,DATE
26,中國,GPE
26,韓國,GPE
26,韓國,NORP
26,日本,GPE
26,韓國,GPE
26,日本,GPE
26,韓國,GPE
26,韓國,GPE
26,韓國,NORP
26,韓國,GPE
26,納粹,GPE
26,韓國,NORP
26,韓國,NORP
26,中國,GPE
26,日本,GPE
26,歐美,LOC
26,韓國,GPE
26,韓國,NORP
26,韓國,NORP
26,日本,GPE
26,張,PERSON
26,韓國,NORP
26,韓國,NORP
26,韓國,NORP
26,三,CARDINAL
26,韓國,GPE
26,旦,PERSON
26,中國,GPE
26,韓國,GPE
26,三,CARDINAL
26,三,CARDINAL
26,韓國,NORP
26,韓國,GPE
26,韓國,NORP
26,韓國,NORP
26,韓國,NORP
26,韓國,GPE
26,韓國,NORP
26,韓國,NORP
26,韓國,NORP
26,韓國,NORP
26,日本,GPE
26,韓國,GPE
26,日本,GPE
26,韓國,GPE
26,達爾文,PERSON
26,韓國,NORP
26,韓國,NORP
26,韓國,NORP
26,韓國,NORP
26,韓國,NORP
26,韓國,NORP
26,韓國,NORP
26,韓國,NORP
26,韓國,NORP
26,韓國,NORP
26,韓國,NORP
26,韓國,GPE
26,韓國,NORP
26,韓國,GPE
26,日本,GPE
26,韓國,NORP
26,韓國,GPE
26,韓國,GPE
26,韓,GPE
26,韓國,GPE
26,韓國,NORP
26,韓國婦女發展研究所,ORG
26,韓國,GPE
26,韓國,NORP
26,韓國,GPE
26,保守派,ORG
26,年月,DATE
26,首爾,GPE
26,保守派,ORG
26,保守派,ORG
26,李俊錫,PERSON
26,韓國,GPE
26,文在寅,PERSON
26,首爾,GPE
26,國民力量黨,ORG
26,民主黨,ORG
26,韓國,GPE
26,韓國,NORP
26,韓國,GPE
26,韓國,NORP
26,韓國,NORP
26,韓國,NORP
26,韓國,NORP
26,韓國,NORP
26,韓國,GPE
26,保守派,ORG
26,歐洲,LOC
26,韓國,NORP
26,三,CARDINAL
26,韓國,NORP
26,韓國,NORP
26,日本,NORP
26,韓國,NORP
26,韓國,NORP
26,韓國,NORP
26,韓國,NORP
26,中國,GPE
26,日本,GPE
26,三十年,DATE
26,日,GPE
26,韓,GPE
26,兩,CARDINAL
26,日,GPE
26,韓,GPE
26,兩,CARDINAL
26,顏有,PERSON
26,日,GPE
26,韓,GPE
26,第波,ORDINAL
26,日本,GPE
26,第波,ORDINAL
26,其次,ORDINAL
26,日,GPE
26,韓,GPE
26,三十年,DATE
26,日本,GPE
26,韓國,GPE
26,中國,GPE
26,日,GPE
26,韓,GPE
26,中國,GPE
26,馬克思,PERSON
26,張桂梅,PERSON
26,申紀蘭,PERSON
26,韓國,GPE
26,保守黨,ORG
26,中,GPE
26,韓,GPE
26,日,GPE
26,韓,GPE
26,美,GPE
26,韓,GPE
26,日,GPE
26,韓,GPE
26,歐,GPE
26,歐洲,LOC
26,歐洲,LOC
26,穆斯林,ORG
26,歐洲,LOC
26,穆斯林,ORG
27,蘇,GPE
27,蔡,PERSON
27,媽祖,GPE
27,耶穌,PERSON
28,黃可昀,PERSON
28,台灣,GPE
28,日本,GPE
28,蔡紹堅,PERSON
28,七萬多,CARDINAL
28,兩萬,CARDINAL
28,韓國,GPE
28,三,CARDINAL
28,兩,CARDINAL
29,七八年級,DATE
29,台灣,GPE
30,近年,DATE
30,日本,NORP
30,太平洋,LOC
30,中島美雪,PERSON
30,うこ,GPE
30,年前,DATE
31,十月,DATE
32,四萬,MONEY
32,兩,CARDINAL
32,兩,CARDINAL
32,兩,CARDINAL
32,三小時,TIME
32,十年,DATE
33,黃可昀,PERSON
33,蔡紹堅,PERSON
33,台灣,GPE
33,日本,GPE
33,七萬多,CARDINAL
33,兩萬,CARDINAL
33,韓國,GPE
33,三,CARDINAL
33,兩,CARDINAL
34,日前,DATE
35,五,CARDINAL
35,七八年級,DATE
35,五六年,DATE
36,日本,GPE
36,台灣,GPE
36,台灣,GPE
36,台灣,GPE
37,好幾百萬,CARDINAL
37,幾千萬,CARDINAL
39,隸韭菜,PRODUCT
40,鍾惠宇,PERSON
40,中國,NORP
40,台灣,GPE
40,八,CARDINAL
40,日,GPE
40,近日,DATE
40,七,CARDINAL
40,平賴,PERSON
41,七,CARDINAL
41,八,CARDINAL
41,本魯,PERSON
41,台灣,GPE
41,台灣,GPE
42,中國,NORP
42,躺平族,WORK_OF_ART
42,中國,GPE
42,台灣,GPE
44,輝煌騰達,PERSON
44,阿肥,PERSON
44,阿,GPE
46,大谷翔平年,PERSON
46,八,CARDINAL
46,前幾天,DATE
46,大谷,PERSON
46,大谷翔平,PERSON
46,八,CARDINAL
47,台股,GPE
47,萬七,CARDINAL
47,當年,DATE
47,千萬,CARDINAL
49,馬雲,PERSON
52,千,CARDINAL
52,雙北,LOC
52,沒萬,CARDINAL
52,香港,GPE
52,日本,GPE
52,平米,QUANTITY
52,新北,GPE
52,遊戲交換中心,FAC
52,日本,GPE
52,六夜,TIME
52,東南亞團,LOC
52,日本,NORP
53,臺灣,GPE
53,監察院長,ORG
53,第三,ORDINAL
53,兩,CARDINAL
54,新北,LOC
54,三萬,CARDINAL
54,三,CARDINAL
54,兩萬多,CARDINAL
55,兩,CARDINAL
55,台灣,GPE
55,第三,ORDINAL
56,台灣,GPE
57,八百萬,CARDINAL
57,高工,ORG
58,國安,ORG
58,國安,ORG
59,台女歲,DATE
59,台男,PERSON
59,台男,PERSON
59,四個月,DATE
59,三,CARDINAL
59,台女,ORG
59,個月,DATE
61,台灣,GPE
61,孝親費,PERSON
62,今日,DATE
62,張嘉哲,PERSON
62,日,GPE
62,台灣,GPE
62,去年,DATE
62,中國,NORP
62,台灣,GPE
62,台灣,GPE
62,大谷,PERSON
62,台灣,GPE
62,四,CARDINAL
62,兩,CARDINAL
62,張嘉哲,PERSON
62,東亞,LOC
63,中國人,NORP
64,這幾天,DATE
64,八,CARDINAL
64,八,CARDINAL
65,好幾年,DATE
65,八,CARDINAL
65,八,CARDINAL
65,八,CARDINAL
65,七,CARDINAL
65,八,CARDINAL
66,七萬多,CARDINAL
66,台北,GPE
66,中和,GPE
66,台北,GPE
66,陽明山,LOC
66,兩萬多,CARDINAL
66,周六,DATE
66,十年,DATE
66,日本,GPE
66,泰國,GPE
66,越南菲律賓,GPE
66,馬來西亞歐洲,LOC
66,四,CARDINAL
66,晚上,TIME
66,三,CARDINAL
66,三,CARDINAL
66,吉野家,ORG
66,三,CARDINAL
67,拉基,PERSON
68,阿札,GPE
68,三萬,CARDINAL
69,台灣,GPE
70,台男,GPE
71,七,CARDINAL
71,八,CARDINAL
71,八,CARDINAL
71,七,CARDINAL
71,台灣,GPE
72,本魯,PERSON
72,三,CARDINAL
72,三,CARDINAL
72,兩萬多,MONEY
73,二,CARDINAL
73,三,CARDINAL
74,台灣人,NORP
74,台灣,GPE
75,幾百萬,CARDINAL
75,台灣,GPE
75,台灣,GPE
76,奉天,GPE
76,大陸,GPE
76,于搜,PERSON
76,楊白勞,PERSON
76,穆仁智,PERSON
76,四,CARDINAL
76,穆仁智,PERSON
76,黃,PERSON
76,五畝,QUANTITY
76,五畝,QUANTITY
76,十畝,QUANTITY
76,十畝,QUANTITY
76,萬頃,QUANTITY
76,寶島,LOC
76,白毛女,PERSON
76,楊白勞,PERSON
76,黃世仁,PERSON
76,穆仁智,PERSON
76,楊白勞,PERSON
76,四,CARDINAL
76,穆仁智,PERSON
76,四,CARDINAL
77,安安,PERSON
77,今日,DATE
77,本姆咪,PERSON
77,萬,CARDINAL
78,台男,PERSON
78,前幾天,DATE
78,日,GPE
78,韓,GPE
78,日,GPE
78,韓,GPE
78,二,CARDINAL
78,韓國,GPE
78,台男,PERSON
78,薛,PERSON
78,台灣,NORP
78,台男,GPE
79,阿肥,PERSON
79,快十點,TIME
79,兩,CARDINAL
79,兩,CARDINAL
80,幾百,CARDINAL
80,阿富汗,GPE
82,八卦板,ORG
82,阿可昀,PERSON
82,八,CARDINAL
84,蔡,PERSON
84,王浩宇,PERSON
84,八,CARDINAL
85,蔡,PERSON
85,五六十歲,DATE
85,三民,ORG
86,約萬,CARDINAL
86,今年,DATE
86,台灣,NORP
87,昨天,DATE
87,台灣,GPE
87,食安風暴中心,ORG
87,反共,ORG
87,台灣,GPE
88,七,CARDINAL
88,八,CARDINAL
88,九,CARDINAL
88,八,CARDINAL
88,智障,PERSON
90,中共,ORG
90,今年四月,DATE
90,百度,QUANTITY
90,兩年多,DATE
90,赫拉克利特,PERSON
90,聰各斯,PERSON
90,中共,ORG
91,日本,NORP
91,日本,GPE
91,英文,LANGUAGE
91,日本,GPE
92,東亞,LOC
92,中國,GPE
92,南韓,GPE
92,朝鮮,GPE
92,三爽,CARDINAL
92,日本,GPE
92,好幾年,DATE
92,台灣,GPE
92,三年前,DATE
92,台灣,GPE
92,日本,GPE
92,中國,GPE
92,明年,DATE
92,南韓,GPE
92,蔡英文,PERSON
92,英文,LANGUAGE
93,兩年,DATE
95,台,GPE
95,四十歲,DATE
95,三,CARDINAL
96,半多,DATE
96,平仔,GPE
97,八,CARDINAL
97,宜蘭棟,FAC
97,四,CARDINAL
97,新北市,GPE
97,宜蘭,GPE
97,宜蘭,GPE
97,新北,GPE
97,二,CARDINAL
97,台萬,PERSON
97,豐田,PRODUCT
97,兩,CARDINAL
97,新北,GPE
97,四,CARDINAL
98,五百萬,MONEY
99,台北,GPE
99,八萬,CARDINAL
99,五萬,CARDINAL
99,台北,GPE
99,兩萬,CARDINAL
99,五萬多,CARDINAL
99,五萬,CARDINAL
99,竹科,GPE
99,南科,ORG
99,個月,DATE
99,兩年後,DATE
101,三,CARDINAL
101,大陸,GPE
101,前幾天,DATE
101,第二,ORDINAL
101,兩,CARDINAL
101,第二,ORDINAL
101,文日韓男女戰爭,EVENT
101,第三,ORDINAL
103,安安安,PERSON
103,八,CARDINAL
103,台北捷運,FAC
103,八,CARDINAL
103,七,CARDINAL
105,晚上,TIME
106,今朝,TIME
106,今朝,TIME
107,尼,PERSON
107,安安,PERSON
107,阿肥,PERSON
107,阿肥,PERSON
107,阿肥,PERSON
107,十年後,DATE
108,中共,ORG
108,幾萬塊,MONEY
108,中國,GPE
109,五年,DATE
109,兩年前,DATE
109,年半,DATE
110,早上,TIME
110,漢堡,GPE
110,麥當勞,ORG
111,昨天中午,TIME
111,博恩,PERSON
111,晚上,TIME
111,金鐘獎,WORK_OF_ART
112,半隻元,MONEY
112,台中水湳,GPE
112,周日,DATE
113,今天,DATE
113,早上,TIME
114,七,CARDINAL
114,七,CARDINAL
114,七,CARDINAL
115,台灣,GPE
116,林北,PERSON
116,躺山,LOC
117,戴元利,PERSON
117,羅士朋,PERSON
117,近幾年來,DATE
117,中國大陸,GPE
117,日本,GPE
117,台灣,GPE
117,曾子珊,PERSON
117,上周,DATE
117,這周五,DATE
117,曾子珊,PERSON
117,國貿科系,ORG
117,曾子珊,PERSON
117,曾子珊,PERSON
117,曾子珊,PERSON
117,八,CARDINAL
117,中國大陸,GPE
117,胡恒士,PERSON
117,胡恒士,PERSON
117,第點,ORDINAL
117,周偉航,PERSON
117,亞洲,LOC
117,四五十歲,DATE
117,兩,CARDINAL
117,三,CARDINAL
117,日本南韓,GPE
117,台灣,GPE
117,今年,DATE
117,萬,CARDINAL
117,萬元,MONEY
117,去年,DATE
117,周偉航,PERSON
117,三,DATE
117,四十年,DATE
118,東南亞,LOC
118,日本,GPE
118,美,NORP
119,聯合新聞網,ORG
119,聯合報,WORK_OF_ART
119,黃丙喜,PERSON
119,台灣科技大學管研所,ORG
119,陳櫻琴,PERSON
119,中原大學,ORG
119,半成,PERCENT
119,六,CARDINAL
119,卅到卅五歲,DATE
119,近百萬,CARDINAL
119,明年,DATE
120,印度,GPE
120,婆羅門,GPE
121,萬,CARDINAL
122,今天,DATE
122,個月,DATE
122,林襄,PERSON
122,波波,PERSON
122,林襄,PERSON
122,簽名卡,PERSON
123,衛國,GPE
123,台灣國,GPE
125,萬,CARDINAL
125,未來年,DATE
125,去年,DATE
125,三十年後,DATE
125,三成,CARDINAL
125,五成多,PERCENT
125,卡帕多奇雅,GPE
125,瑞士,GPE
125,威尼斯,GPE
125,金字塔,FAC
125,長城,FAC
125,新疆,GPE
125,西藏,GPE
125,亞馬遜河,LOC
125,加拿大,GPE
125,北海道,GPE
125,五,CARDINAL
125,三,CARDINAL
125,年個月,DATE
125,四五萬,CARDINAL
125,台北,GPE
125,七,CARDINAL
126,台灣,GPE
126,台灣,GPE
126,台灣,GPE
126,台灣,GPE
126,日,GPE
126,韓,GPE
126,台灣,GPE
126,台灣,GPE
127,東南亞,LOC
127,萬台幣,PERSON
127,三,ORDINAL
127,萬,CARDINAL
127,泰國,GPE
127,中文,LANGUAGE
127,五千萬八千萬,CARDINAL
127,三十年,DATE
127,三十年,DATE
128,林士蕙,PERSON
128,中,GPE
128,日,GPE
128,韓,GPE
128,韓國,GPE
128,日本,GPE
128,中國,GPE
128,台灣,GPE
128,亞洲,LOC
128,中,GPE
128,日,GPE
128,韓,GPE
128,三,CARDINAL
128,南韓,GPE
128,台灣,GPE
128,南韓,GPE
128,台灣勞動部,ORG
128,南韓,GPE
128,南韓,GPE
128,寅,PERSON
128,近兩年,DATE
128,三成,CARDINAL
128,南韓,GPE
128,韓聯社,ORG
128,今年月,DATE
128,南韓,GPE
128,二成,CARDINAL
128,上週末,DATE
128,台幣元,MONEY
128,台幣萬元,MONEY
128,台灣,GPE
128,亞洲日報,ORG
128,今年月,DATE
128,南韓,GPE
128,萬,CARDINAL
128,近萬,CARDINAL
128,去年,DATE
128,萬,CARDINAL
128,南韓,GPE
128,萬,CARDINAL
128,南韓,GPE
128,日本,NORP
128,日本,GPE
128,日本,GPE
128,日本,GPE
128,日本,NORP
128,東京,GPE
128,日媒,GPE
128,近兩年,DATE
128,日本,GPE
128,三,CARDINAL
128,日本,GPE
128,日本,GPE
128,台灣,GPE
128,日本,GPE
128,日本,GPE
128,中國人,NORP
128,中國,GPE
128,高工,ORG
128,中國,NORP
128,雪麗,PERSON
128,中國,GPE
128,雪麗,PERSON
128,當年,DATE
128,中國,GPE
128,中,GPE
128,日,GPE
128,韓,GPE
128,台灣,GPE
129,台灣,GPE
131,日本,GPE
131,台北,GPE
131,日本,GPE
131,上周,DATE
131,四日,DATE
131,台北,GPE
131,旦,PERSON
131,連元,PERSON
131,三,CARDINAL
132,明天,DATE
132,中午,TIME
133,幾歲,DATE
133,躺平族,PERSON
133,幾歲,DATE
133,幾歲,DATE
134,余奕賢,PERSON
134,三,CARDINAL
134,台灣,GPE
134,台灣,GPE
134,今年月,DATE
134,三,CARDINAL
134,三,CARDINAL
134,國發會,ORG
134,今年,DATE
134,十年前,DATE
134,今年,DATE
134,今年,DATE
134,台灣房屋趨勢中心,ORG
134,張旭嵐,PERSON
134,三,CARDINAL
134,三,CARDINAL
134,張旭嵐,PERSON
134,內政部,ORG
134,張旭嵐,PERSON
134,第二,ORDINAL
134,第二,ORDINAL
134,第三,ORDINAL
134,屏東大學不動產經營學系,ORG
134,賴碧瑩,PERSON
134,賴,PERSON
134,台灣,GPE
134,新北市地政局,ORG
134,齡年以上,DATE
134,賴碧瑩,PERSON
134,休年限,PERSON
135,本魯,PERSON
135,三年,DATE
135,八月,DATE
135,本魯,PERSON
136,三通,CARDINAL
136,中,GPE
136,中國,GPE
136,台灣,GPE
136,川普,GPE
136,台灣,GPE
136,中國,GPE
136,台灣,GPE
136,台灣人,NORP
136,中國,GPE
136,台,GPE
137,台灣,GPE
137,今天,DATE
137,高雄,GPE
137,棟年,PERSON
137,三,CARDINAL
137,瑞士,NORP
137,多萬,CARDINAL
138,台灣,GPE
138,五年後,DATE
138,七,CARDINAL
138,八,CARDINAL
138,養護中心,FAC
138,三四萬元,MONEY
138,兩萬塊,MONEY
138,台灣,GPE
138,十年,DATE
139,萬年,DATE
139,台灣,GPE
139,二日,DATE
140,中共,ORG
140,中共,ORG
140,新疆,GPE
140,萬真,PERSON
140,中共,ORG
140,中共,ORG
140,台灣,GPE
140,新疆,GPE
140,新疆,GPE
140,黨,ORG
140,綠塔綠,PERSON
140,新疆人,NORP
140,北京人,NORP
140,上海人,NORP
140,回教,NORP
140,台灣,GPE
140,香港,GPE
140,香港,GPE
140,旦中共,ORG
140,台灣,GPE
140,旦戰爭,EVENT
140,台灣,NORP
140,忠烈祠,FAC
140,台灣,NORP
140,台灣,WORK_OF_ART
140,台灣,GPE
140,中國,GPE
141,三立,PERSON
141,蕭廷芬,PERSON
141,台灣,GPE
141,鄭弘儀,PERSON
141,內政部,ORG
141,月日,DATE
141,第季,DATE
141,六,CARDINAL
141,台北市,GPE
141,台北市,GPE
141,鄭弘儀,PERSON
141,鄭弘儀,PERSON
141,鄭弘儀,PERSON
141,個月,DATE
141,萬,CARDINAL
141,法,GPE
141,鄭弘儀,PERSON
141,億,CARDINAL
141,鄭弘儀,PERSON
141,政大,ORG
141,鄭弘儀,PERSON
141,大直,GPE
141,貴宅,PERSON
144,台灣地區,LOC
144,平族,NORP
145,幾歲,DATE
146,美國,GPE
146,多萬,CARDINAL
146,十年,DATE
146,美,GPE
146,日,GPE
146,台灣,NORP
146,公斤,QUANTITY
146,台灣,GPE
146,萬,CARDINAL
146,三,CARDINAL
146,萬,CARDINAL
146,三年,DATE
146,日本,NORP
146,萬,CARDINAL
146,台灣,NORP
147,兩,CARDINAL
147,兩,CARDINAL
148,中國,NORP
148,韓國,GPE
148,三,CARDINAL
148,日本,NORP
149,台灣,GPE
151,幾百萬,CARDINAL
152,塔綠班網軍,ORG
153,韓導,PERSON
153,今天,DATE
155,五,CARDINAL
155,五,CARDINAL
155,五,CARDINAL
155,五,CARDINAL
155,金字塔,FAC
157,前幾年,DATE
157,中共,ORG
157,台灣,GPE
157,台灣,GPE
158,中國,NORP
158,中國,GPE
158,魏晉南北朝,DATE
158,竹林七賢,PERSON
159,三萬,CARDINAL
159,高點點,TIME
159,台灣,GPE
159,萬,CARDINAL
159,萬,CARDINAL
159,四萬,CARDINAL
159,魯魯相,PERSON
160,戴鈺純,PERSON
160,三,CARDINAL
160,台灣,GPE
160,二,CARDINAL
160,六,CARDINAL
160,台北,GPE
160,新北月增,DATE
160,桃園,GPE
160,台中,GPE
160,台南,GPE
160,高雄,GPE
160,景文科技大學財務金融系,ORG
160,章定煊,PERSON
160,章定煊,PERSON
160,今年上半年,DATE
160,下半年,DATE
160,台灣,GPE
160,章定煊,PERSON
160,內政部,ORG
160,兩,CARDINAL
160,兩,CARDINAL
160,七成,CARDINAL
160,二十年,DATE
160,三成,CARDINAL
160,二十年,DATE
160,台北市,GPE
160,新北市,GPE
160,今年第二季,DATE
160,新北市,GPE
160,新北市,GPE
160,章定煊,PERSON
161,高雄,GPE
161,昨天,DATE
161,下個月,DATE
161,半年前,DATE
161,萬,CARDINAL
161,楠梓仁武,PERSON
161,高雄,GPE
161,上半年,DATE
161,中秋節,DATE
161,兩個星期以前,DATE
161,楠梓橋頭,FAC
161,大寮,GPE
161,中秋節,DATE
161,多萬,CARDINAL
161,台灣,GPE
161,台北,GPE
161,台灣,GPE
161,高雄,GPE
161,台灣,GPE
161,這幾年,DATE
162,台灣人,NORP
163,日本,GPE
163,韓國,GPE
163,台灣,GPE
163,台灣,GPE
163,日本,GPE
163,韓國,NORP
163,台灣,GPE
164,解放軍,ORG
164,七,CARDINAL
164,七,CARDINAL
164,海豹三角洲部隊,ORG
164,零,CARDINAL
164,百萬,MONEY
164,七,CARDINAL
164,台灣,GPE
164,七,CARDINAL
164,七,CARDINAL
164,七,CARDINAL
165,幾百,CARDINAL
165,孝維,PERSON
166,新拉線,FAC
166,五十,CARDINAL
166,中國,NORP
166,中國,NORP
166,中國,GPE
166,非洲,LOC
166,非洲,LOC
166,台灣,GPE
166,法國,GPE
166,中文,LANGUAGE
166,蔣介石,PERSON
166,台灣,GPE
166,阿貝,PERSON
167,台灣,GPE
167,台灣人,NORP
167,台灣,GPE
167,台灣,NORP
168,台灣,GPE
168,四萬,CARDINAL
168,台海,LOC
168,台灣人,NORP
169,深圳,GPE
169,台灣,GPE
169,香港,NORP
169,台灣,GPE
169,八成,PERCENT
169,八成,PERCENT
169,香港,GPE
169,台灣,GPE
169,台灣,GPE
169,台灣,GPE
169,中共,ORG
169,達貴,PERSON
169,台灣,GPE
169,中國,GPE
169,中共,ORG
169,台灣,GPE
170,竹林七賢,PERSON
170,魏末晉,PERSON
170,七,CARDINAL
171,萬度,QUANTITY
174,今天,DATE
174,四,CARDINAL
174,六個小時,TIME
174,六小時,TIME
175,億萬富翁,CARDINAL
176,林強,PERSON
176,台北,GPE
176,林強,PERSON
177,中共,ORG
178,超賢慧,PERSON
179,路易莎,PERSON
180,台機車,PRODUCT
180,整年,DATE
180,兩,CARDINAL
180,年偶爾,PERSON
180,國民年金,ORG
183,安安,PERSON
184,台灣,GPE
185,吳家豪,PERSON
185,張其祿,PERSON
185,民眾黨,ORG
185,張其祿,PERSON
185,蔡,PERSON
185,台灣,GPE
185,清華,ORG
185,大學科管院,ORG
185,張金鶚,PERSON
185,張其祿,PERSON
185,央行,ORG
185,楊金龍,PERSON
185,內政部,ORG
185,台灣泡沫,EVENT
185,台灣,GPE
185,張金鶚,PERSON
185,台灣,GPE
185,台灣,GPE
185,張金鶚,PERSON
185,台灣,GPE
185,三年前,DATE
185,台灣,GPE
186,華,GPE
186,二,CARDINAL
186,千多萬,CARDINAL
187,四年,DATE
188,五,CARDINAL
188,三,CARDINAL
188,五,CARDINAL
188,兩萬,CARDINAL
188,台北,GPE
188,台北人,NORP
189,民眾黨,ORG
189,六十幾,DATE
192,新豐山,LOC
192,三,CARDINAL
192,雙北,ORG
192,十年,DATE
192,台北,GPE
192,寶豐,GPE
192,兩,CARDINAL
193,去年,DATE
193,內湖,GPE
193,三千多萬,CARDINAL
193,年底,DATE
193,魯宅叔,PERSON
193,千初,DATE
193,三萬多,CARDINAL
193,兩萬,CARDINAL
193,個月,DATE
193,十幾萬,CARDINAL
193,三千多萬,MONEY
193,十幾萬,CARDINAL
193,萬八,PERSON
193,千多萬,CARDINAL
194,近百萬,CARDINAL
194,幾年後,DATE
194,幾百萬,CARDINAL
194,幾歲,DATE
194,兩,CARDINAL
194,百岳,PERSON
196,台灣,NORP
196,顏寬恆,PERSON
196,四十出頭,DATE
196,媽祖,GPE
196,多歲,DATE
197,本魯,PERSON
197,三年,DATE
197,三年,DATE
197,好鈣斌,PERSON
197,張,PERSON
197,台北市,NORP
197,那三年,DATE
197,張教授,PERSON
197,張,PERSON
197,台北市,GPE
197,丁丁,PERSON
197,張教授,PERSON
197,第二,ORDINAL
198,三萬元,MONEY
198,三萬元,MONEY
198,三萬,MONEY
198,主計處,ORG
198,三萬元,MONEY
199,華人,NORP
199,東亞,LOC
199,台北,GPE
199,香港北京,GPE
199,上海首爾東京新加坡,GPE
199,台灣,GPE
199,台灣,GPE
199,首爾,GPE
200,十幾二十年,DATE
200,二十年間,DATE
200,台灣,GPE
200,不到十幾二十年後,DATE
201,台北車站,FAC
201,龍山寺,FAC
201,平族,NORP
202,三萬,CARDINAL
202,三萬,MONEY
202,兩年萬,DATE
202,萬,CARDINAL
202,三萬,MONEY
203,幾年,DATE
203,千禧年,DATE
204,三,CARDINAL
204,陳雷,PERSON
204,台灣,GPE
205,那幾歲,DATE
206,台中瑪莎夯,GPE
206,魯宅,PERSON
206,四,CARDINAL
206,三,CARDINAL
206,四,CARDINAL
206,十幾,CARDINAL
207,安安,PERSON
207,雙北市,GPE
207,肥肥宅,FAC
208,大陸,GPE
208,夏季,DATE
208,兩,CARDINAL
208,兩,CARDINAL
208,兩,CARDINAL
208,三,CARDINAL
208,萬,CARDINAL
208,香港,NORP
208,泰國,GPE
208,泰國,GPE
208,五,CARDINAL
208,七,CARDINAL
208,兩,CARDINAL
208,萬,CARDINAL
208,兩,CARDINAL
208,萬花多,CARDINAL
208,兩,CARDINAL
208,日本,GPE
208,萬,CARDINAL
208,三,CARDINAL
208,兩,CARDINAL
208,兩,CARDINAL
209,台灣,GPE
209,美國,GPE
209,美國,NORP
209,第二,ORDINAL
209,第三,ORDINAL
209,四五十歲,DATE
209,張忠謀,PERSON
209,德儀,ORG
209,五十幾歲,DATE
209,台灣,GPE
209,台積電,ORG
209,二三十歲,DATE
209,三十年,DATE
209,四十年,DATE
209,美國,GPE
209,亞洲,LOC
209,美國,NORP
209,美國,GPE
209,美國,GPE
209,台灣人,NORP
209,美國人,NORP
210,漫威,PERSON
211,阿肥,PERSON
212,騰雲座,LOC
212,台北,GPE
212,高雄,GPE
212,普悠瑪,LOC
212,騰雲,PERSON
212,兩,CARDINAL
213,中共,ORG
213,台灣人,NORP
213,烏克蘭,GPE
213,台灣人,NORP
214,安安,PERSON
214,三,CARDINAL
214,二,CARDINAL
214,第二,ORDINAL
214,第三,ORDINAL
214,兩,CARDINAL
215,這十年,DATE
215,大陸,GPE
215,兩三千萬台幣,MONEY
215,三千萬,CARDINAL
215,五千萬近兩千萬,CARDINAL
215,十五年,DATE
215,三十年,DATE
215,大陸,GPE
215,萬台幣,MONEY
215,清邁,GPE
215,台北,GPE
215,幾十萬,CARDINAL
215,日本,GPE
215,清邁,GPE
215,萬個月,DATE
215,台北,GPE
215,三萬,CARDINAL
215,過個月,DATE
215,四成,PERCENT
215,三成,CARDINAL
217,富邦金,ORG
218,台灣,GPE
219,台灣,GPE
219,寶島,LOC
219,麥當勞大麥克,ORG
219,台灣,GPE
219,這幾年,DATE
219,台中,GPE
219,台南,GPE
219,高雄,GPE
219,台南高雄,GPE
219,台積電,ORG
219,兩岸戰爭,EVENT
219,台灣,GPE
219,中共,ORG
220,台中棒球隊,ORG
220,島國尼特族,NORP
220,兩天,DATE
221,特力屋,LAW
221,蘇胡,PERSON
221,本魯,PERSON
223,東南亞,LOC
223,日本,GPE
223,萬日幣,MONEY
223,萬日幣,MONEY
223,韓國,GPE
223,這幾年,DATE
223,萬台幣,CARDINAL
223,台灣,GPE
223,台灣,GPE
224,兩,CARDINAL
224,台灣,GPE
224,萬,CARDINAL
224,萬,CARDINAL
224,中國,GPE
224,中國,NORP
224,中國,GPE
224,中國,GPE
224,台灣,GPE
224,中國,GPE
224,華人,NORP
224,歐,LOC
224,美,GPE
224,歐,NORP
224,美,NORP
224,歐,NORP
224,美,NORP
224,台灣,NORP
224,華人,NORP
224,華人,NORP
224,華人,NORP
224,台灣,GPE
224,烏克蘭,GPE
224,歐,LOC
224,美,GPE
224,烏克蘭,GPE
224,台灣,GPE
224,兩,CARDINAL
225,第個,ORDINAL
225,韓,NORP
225,日本,NORP
226,日本,GPE
226,台灣,GPE
227,前幾年,DATE
227,幾萬,CARDINAL
228,年前,DATE
228,台灣,GPE
230,東南亞,LOC
232,台灣,GPE
232,這幾年,DATE
232,美國,GPE
232,技安,PERSON
232,兩岸,GPE
232,這天,DATE
232,敝魯,PERSON
232,八,CARDINAL
232,共軍,ORG
232,台灣,NORP
232,台灣,GPE
232,台灣,GPE
234,台灣人,NORP
234,台灣島,LOC
234,躺平族,WORK_OF_ART
234,二日,DATE
234,台灣島,LOC
234,躺平族,WORK_OF_ART
234,台灣島,LOC
234,躺平族,WORK_OF_ART
235,二,CARDINAL
235,兩,CARDINAL
235,中文字,LANGUAGE
235,五,CARDINAL
235,萬,CARDINAL
235,豪洨,NORP
236,幾萬幾十萬,CARDINAL
236,幾百萬,CARDINAL
236,台灣,GPE
239,今年,DATE
239,跨年,TIME
239,晚上,TIME
240,陳筱惠,PERSON
240,年月日,DATE
240,政府,ORG
240,中國,GPE
240,台灣,GPE
240,景文科技大學財務金融系,ORG
240,章定煊,PERSON
240,日前,DATE
240,章定煊,PERSON
240,台灣,GPE
240,兩,CARDINAL
240,第二,ORDINAL
240,章定煊,PERSON
240,章定煊,PERSON
240,台灣,GPE
240,台灣,GPE
240,台灣,GPE
240,台灣,GPE
240,章定煊,PERSON
240,章定煊,PERSON
240,台灣,GPE
240,第三,ORDINAL
240,台灣,GPE
240,第三,ORDINAL
240,章定煊,PERSON
240,亞洲,LOC
240,新加坡,GPE
240,新加坡人,NORP
240,新加坡,GPE
240,新加坡,GPE
240,章定煊,PERSON
240,新加坡,GPE
241,美國,GPE
242,三,CARDINAL
242,台灣,GPE
242,台灣,GPE
243,四年,DATE
243,第二,ORDINAL
243,三年,DATE
243,三年,DATE
243,第三,ORDINAL
243,三年,DATE
243,四十,DATE
244,台灣人,NORP
244,五倍,CARDINAL
244,個月,DATE
244,六萬,CARDINAL
244,澳洲,GPE
244,三十萬台幣,MONEY
244,五年,DATE
244,台灣,GPE
244,台灣,GPE
244,兩百萬,CARDINAL
244,百萬,CARDINAL
244,台灣人,NORP
244,澳洲,GPE
244,澳洲,GPE
244,台灣,GPE
244,台灣,GPE
244,台灣,NORP
244,個月,DATE
244,六十萬,CARDINAL
244,二十年,DATE
244,台灣,GPE
244,三,CARDINAL
244,台灣,NORP
244,青春歲,PERSON
245,台灣,GPE
245,台灣,GPE
245,半天,DATE
245,台灣,GPE
246,聯合新聞網,ORG
246,林奇賢,PERSON
246,美國,GPE
246,年月日,DATE
246,中國大陸,GPE
246,千禧世代,DATE
246,美國,GPE
246,近幾個月,DATE
246,英國,GPE
246,金融時報,ORG
246,福特,ORG
246,福特,ORG
246,福特,ORG
246,本月,DATE
246,萬,CARDINAL
246,年月,DATE
246,萬,CARDINAL
246,福特,ORG
246,幾小時,TIME
246,美國勞工部,ORG
246,日公布,PERSON
246,去年月,DATE
246,萬,CARDINAL
246,福特,ORG
247,美國人,NORP
247,美國人,NORP
247,美國,GPE
247,台灣,GPE
247,台灣,GPE
247,次貸風暴,EVENT
248,歐,LOC
248,美,GPE
248,加拿大,GPE
249,冠宇,PERSON
249,冠宇,PERSON
249,家偉,PERSON
249,竹科,GPE
249,ＦＡＩＬＤＩＥ,ORG
249,ＳＡＭＰＬＥ,ORG
249,八晚,TIME
249,五,CARDINAL
249,台中市區,GPE
249,五點,TIME
250,阿,GPE
251,禾馨酸,PERSON
251,禾馨,PERSON
251,禾馨,PERSON
251,禾馨,PERSON
251,禾馨,PERSON
252,五月,DATE
252,台灣,GPE
252,八點,TIME
252,台灣,GPE
252,台灣,GPE
253,周周幾歲,DATE
253,好幾年,DATE
253,台灣,GPE
254,保時捷,PRODUCT
254,萬,CARDINAL
258,孝親費,PERSON
259,三萬多,CARDINAL
259,四萬多,CARDINAL
260,空軍官校,ORG
261,勞永逸,PERSON
263,台灣,NORP
263,馬子狗,PERSON
263,台灣,GPE
264,台灣,GPE
264,台灣,GPE
264,萬,CARDINAL
264,年前,DATE
264,萬年薪,PERSON
264,萬,CARDINAL
264,年前,DATE
264,日,GPE
264,韓德,PERSON
264,英泰,PERSON
264,矽谷,GPE
264,萬美金,PERSON
264,台灣,GPE
264,平米,QUANTITY
264,台灣坪,GPE
264,萬台幣,MONEY
264,台灣,GPE
264,民國~年,DATE
264,聯發科,ORG
265,林懿捷,PERSON
265,雲粉絲團日,PERSON
265,內政部,ORG
265,台北市,GPE
265,台北市,GPE
265,台,PERSON
265,去年尾,DATE
265,內政部,ORG
265,萬元,MONEY
265,台灣人,NORP
266,二十年前,DATE
266,南韓,GPE
266,平族,NORP
267,阿肥,PERSON
267,北東,LOC
267,阿肥,PERSON
267,九萬,CARDINAL
269,麥當勞,ORG
269,三,CARDINAL
269,台灣,GPE
269,台灣人,NORP
269,台積電,ORG
269,高雄,GPE
269,高雄人,NORP
269,高雄,GPE
269,高雄人,NORP
269,高雄,GPE
269,幾塊錢,MONEY
270,曾筠淇,PERSON
270,年月日,DATE
270,八,CARDINAL
270,八,CARDINAL
270,八,CARDINAL
270,萬元,MONEY
270,好幾百萬,CARDINAL
271,賴禹妡,PERSON
271,八,CARDINAL
271,八,CARDINAL
271,好幾百,CARDINAL
271,八,CARDINAL
271,八,CARDINAL
271,八,CARDINAL
271,第桶,ORDINAL
271,好幾百,CARDINAL
273,日本,GPE
273,日本,GPE
273,今天,DATE
273,台新,ORG
273,中古,NORP
273,日本,GPE
273,下這兩年,DATE
273,這兩年,DATE
273,民進黨,ORG
273,國民黨時期,DATE
273,國民黨,ORG
273,民進黨,ORG
275,支語,LANGUAGE
275,晚上,TIME
276,三立,PERSON
276,蔣季容,PERSON
276,生活中心,ORG
276,蔣季容,PERSON
276,英文,LANGUAGE
276,好幾百萬,CARDINAL
276,新聞雲,ORG
276,信義房屋不動產企研室,ORG
276,曾敬德,PERSON
276,敬德,PERSON
276,幾歲,DATE
276,百百,CARDINAL
276,楊,PERSON
276,三立新聞網,ORG
276,楊,PERSON
276,楊,PERSON
277,三立,ORG
277,蔣季容,PERSON
277,英文,LANGUAGE
277,好幾百萬,CARDINAL
277,新聞雲,ORG
277,曾敬德,PERSON
277,敬德,PERSON
277,幾歲,DATE
277,百百,CARDINAL
277,楊,PERSON
277,三立新聞網,ORG
277,楊,PERSON
277,楊,PERSON
278,雙北,PERSON
278,雙北,GPE
278,七,CARDINAL
278,九成,CARDINAL
278,七,CARDINAL
278,雙北,GPE
278,七,CARDINAL
279,三,CARDINAL
279,台灣,GPE
279,台灣式,GPE
279,三,CARDINAL
280,台灣人,NORP
281,雅哥,PERSON
281,兩,CARDINAL
281,日本,GPE
281,博班,ORG
281,前幾年,DATE
281,八十多萬,CARDINAL
281,八點,TIME
281,四點半,TIME
281,尻洗,PERSON
281,國立科大,ORG
281,私立夜市大學,ORG
281,台積,ORG
281,兩,CARDINAL
283,三五萬,CARDINAL
283,月萬,CARDINAL
283,台二手年,DATE
283,賓士,PERSON
284,李春,PERSON
284,港大,ORG
284,兩,CARDINAL
284,兩,CARDINAL
284,港大微生物學系,ORG
284,袁國勇,PERSON
285,今日,DATE
285,烏克麗麗,PERSON
285,台灣,GPE
285,七八年,DATE
285,二年,DATE
287,三五年,DATE
287,八,CARDINAL
287,中國,GPE
288,班加西,GPE
288,利比亞,GPE
288,美國,GPE
288,伊斯蘭國,GPE
288,烏克蘭,GPE
288,班加西,GPE
288,利比亞,GPE
289,中國,GPE
289,台灣,GPE
289,台灣,GPE
289,中國,GPE
289,台灣,NORP
289,三個月,DATE
289,三五年,DATE
291,英文,LANGUAGE
292,台積電,ORG
292,四,CARDINAL
292,這幾年,DATE
293,三,CARDINAL
293,萬手機,CARDINAL
293,賴帳仔,PERSON
293,國稅局,ORG
294,明年,DATE
296,這幾天,DATE
297,本魯,PERSON
298,明天,DATE
299,最近幾年,DATE
300,老二,ORDINAL
300,老二,ORDINAL
300,阿北,PERSON
302,百萬,CARDINAL
302,好幾年,DATE
303,賴清德,PERSON
303,聯合新聞網,ORG
303,聯合報,ORG
303,修瑞瑩,PERSON
303,台南,GPE
303,賴清德,PERSON
303,晚間,TIME
303,成大,ORG
303,晚間,TIME
303,成大研究生協會,ORG
303,賴清德,PERSON
303,成大後醫系,ORG
303,約,PERSON
303,賴清德,PERSON
303,賴清德,PERSON
303,成大,ORG
303,湯銘哲,PERSON
303,研究生協會,ORG
303,詹承翰,PERSON
303,兩,CARDINAL
303,台灣,GPE
303,台灣,GPE
303,賴清德,PERSON
303,賴清德,PERSON
304,八卦板,ORG
305,賴清德,PERSON
305,聯合報,ORG
305,修瑞瑩,PERSON
305,台南,GPE
305,賴清德,PERSON
305,昨晚,TIME
305,成大,ORG
305,百分之四十二,PERCENT
305,昨晚,TIME
305,成大研究生協會,ORG
305,賴清德,PERSON
305,九九年,DATE
305,成大後醫系,ORG
305,二百,CARDINAL
305,百分之四十二,PERCENT
305,百分之卅五,PERCENT
305,百分之,PERCENT
305,廿四,DATE
305,百分之十八,PERCENT
305,百分之十七,PERCENT
305,賴清德,PERSON
305,賴清德,PERSON
305,成大,ORG
305,湯銘哲,PERSON
305,詹承翰,PERSON
305,平族,NORP
305,賴清德,PERSON
305,台南,GPE
305,成大,ORG
306,自由時報,WORK_OF_ART
306,劉婉君,PERSON
306,賴清德,PERSON
306,劉婉君,PERSON
306,台南,GPE
306,賴清德,PERSON
306,今天,DATE
306,成功大學研究生協會,ORG
306,賴清德,PERSON
306,奧運,EVENT
306,郭婞淳,PERSON
306,五月天,DATE
306,烏克蘭,GPE
306,統澤倫斯基諾貝爾和平獎,WORK_OF_ART
306,馬拉拉,PERSON
306,平族,NORP
306,賴清德,PERSON
306,台灣,GPE
306,賴清德,PERSON
306,台灣,GPE
306,賴清德,PERSON
306,台灣,GPE
306,過去幾十年,DATE
306,台灣,GPE
306,台南,GPE
306,台灣,GPE
306,武漢,GPE
306,美國人,NORP
306,美,NORP
306,美國人,NORP
306,台南人,NORP
307,中央社,ORG
307,中央社,ORG
307,楊思瑞,PERSON
307,成大,ORG
307,勉信賴,PERSON
307,台灣,GPE
307,中央社,ORG
307,楊思瑞,PERSON
307,賴清德,PERSON
307,今晚,TIME
307,成大研究生協會,ORG
307,賴清德,PERSON
307,台灣,GPE
307,國立成功大學研究生協會,ORG
307,今晚,TIME
307,成大,ORG
307,賴,PERSON
307,成大,ORG
307,賴,PERSON
307,賴,PERSON
307,台灣,GPE
307,賴,PERSON
307,台灣,GPE
307,台灣,GPE
307,台灣,GPE
307,唐聲揚,PERSON
308,台灣,GPE
309,今天,DATE
309,四個月,DATE
309,參三,PERSON
309,兩,CARDINAL
310,兩,CARDINAL
310,立委,ORG
310,萬年,DATE
310,兩百五十七萬左右,CARDINAL
310,八千,CARDINAL
310,五十萬,CARDINAL
310,立委,ORG
310,五,CARDINAL
310,兩,CARDINAL
310,賴清德成大,ORG
310,台灣,GPE
310,成大,ORG
310,四成多,CARDINAL
310,兩百五十萬,MONEY
310,台積電,ORG
310,兩百多萬,CARDINAL
310,百萬,CARDINAL
310,台灣,GPE
310,兩百多萬,CARDINAL
310,林飛帆,PERSON
310,百萬,CARDINAL
310,台北市,GPE
310,三五千萬,CARDINAL
310,七萬以上,CARDINAL
310,九萬,CARDINAL
310,七萬,CARDINAL
310,兩萬,CARDINAL
310,個月,DATE
310,萬六,CARDINAL
310,馬英九時代,DATE
310,雙北,GPE
310,桃園,GPE
310,桃園,GPE
310,台中台南高雄,GPE
310,二十年,DATE
310,日本,NORP
310,賴清德,PERSON
310,蔡英文,PERSON
310,蔡英文,PERSON
311,成大,ORG
311,美國人,NORP
311,美國人,NORP
311,那天,DATE
312,兩萬八,CARDINAL
312,六天,DATE
312,三,CARDINAL
312,千分之幾,PERCENT
313,秋天,DATE
313,台灣,GPE
313,夏季,DATE
313,佃仔喬,PERSON
313,這年,DATE
314,兩,CARDINAL
314,中文字,LANGUAGE
314,萬真,PERSON
315,經濟日報,WORK_OF_ART
315,葉卉軒,PERSON
315,卅九歲以下,DATE
315,二成,CARDINAL
315,求職網,ORG
315,今日,DATE
315,去年,DATE
315,前年,DATE
315,大前年,DATE
315,四年,DATE
315,六成五,PERCENT
315,兩萬二,CARDINAL
315,三十歲,DATE
315,八年,DATE
315,千塊,MONEY
315,臺灣,GPE
315,十小時,TIME
315,四分之三,PERCENT
315,兩,CARDINAL
315,半數,CARDINAL
315,求職網,ORG
315,楊宗斌,PERSON
315,去年,DATE
315,兩,CARDINAL
315,楊宗斌,PERSON
315,今年,DATE
315,六,CARDINAL
315,楊宗斌,PERSON
316,紐約,GPE
316,早上七點,TIME
316,下午四點半,TIME
316,兩個小時,TIME
316,三十萬美金,MONEY
316,八點半,TIME
316,整天,DATE
316,晚上,TIME
316,三,DATE
316,五年,DATE
316,上海,GPE
316,香港,GPE
316,兩,CARDINAL
317,兩歲,DATE
317,公斤,QUANTITY
317,兩歲,DATE
317,兩歲,DATE
317,兩歲,DATE
317,衛服部,ORG
317,年前,DATE
317,東南亞人,NORP
317,東南亞,LOC
317,台灣人,NORP
317,台灣人,NORP
318,台灣,GPE
318,台灣,GPE
319,第段,ORDINAL
319,今天小時,TIME
319,個月,DATE
319,三,CARDINAL
319,日,GPE
320,余弦妙,PERSON
320,台北,GPE
320,台灣,NORP
320,前年,DATE
320,大前年,DATE
320,六成五,PERCENT
320,求職網,ORG
320,楊宗斌,PERSON
320,去年,DATE
320,兩,CARDINAL
320,楊宗斌,PERSON
320,今年,DATE
320,六,CARDINAL
320,楊宗斌,PERSON
320,富豪,ORG
322,台北,GPE
322,兩,CARDINAL
322,平仔,GPE
322,淡水,GPE
322,台北,GPE
324,昨天,DATE
324,麥當勞,FAC
324,下個月,DATE
324,這個月,DATE
324,下個月,DATE
324,下個月,DATE
325,施怡妏,PERSON
325,當年,DATE
325,新莊人,NORP
325,台灣,GPE
325,三,CARDINAL
325,兩,CARDINAL
325,新莊,GPE
325,宏泰,ORG
325,萬連靈骨塔,FAC
325,新莊人,NORP
325,張建案,PERSON
325,新北市新莊區萬買坪,GPE
325,宏泰,ORG
325,三,CARDINAL
325,兩,CARDINAL
325,南北座,GPE
325,今日,DATE
325,萬買坪,FAC
325,萬連靈骨塔,FAC
326,東森,ORG
326,施怡妏,PERSON
326,台灣,GPE
326,三,CARDINAL
326,兩,CARDINAL
326,新莊重劃區,LOC
326,宏泰,ORG
326,萬連靈骨塔,FAC
326,新莊人,NORP
326,張建案,PERSON
326,新北市新莊區萬買坪,GPE
326,宏泰,ORG
326,三,CARDINAL
326,兩,CARDINAL
326,南北座,GPE
326,今日,DATE
326,萬買坪,QUANTITY
326,萬連靈骨塔,FAC
326,當年,DATE
326,黨走黨,ORG
328,清零仔,PERSON
328,三,CARDINAL
328,三,CARDINAL
328,清零仔,PERSON
329,位房仲,PERSON
329,馬斯克,PERSON
330,八小時,TIME
330,台鐵,ORG
330,台灣,GPE
330,台灣,GPE
331,鄺郁庭,PERSON
331,八年,DATE
331,幾年,DATE
331,八,CARDINAL
331,八,CARDINAL
331,八,CARDINAL
331,八,CARDINAL
331,幾年,DATE
331,八,CARDINAL
331,八,CARDINAL
331,八,CARDINAL
331,今年,DATE
331,三倍以上,CARDINAL
331,那年,DATE
331,萬,CARDINAL
331,八,CARDINAL
331,八,CARDINAL
331,八,CARDINAL
331,八年班,DATE
331,八,CARDINAL
331,八,CARDINAL
332,安安,PERSON
332,冬夏,DATE
332,晚上時間,TIME
334,躺平族,PERSON
334,年前,DATE
334,幾十塊,MONEY
334,張百元,MONEY
334,兩,CARDINAL
335,七,CARDINAL
335,張晏慈,PERSON
335,台灣,GPE
335,基隆,GPE
335,新豐街,LOC
335,山海,LOC
335,多萬,CARDINAL
335,大約萬,CARDINAL
335,兩,CARDINAL
335,個禮拜,DATE
335,魯魯,GPE
336,阿呦威,PERSON
337,中國,GPE
337,東南亞非洲,LOC
337,巴哈,PERSON
339,聯合報,WORK_OF_ART
339,台南高雄,GPE
339,透天厝,FAC
339,近年,DATE
339,台南高雄,GPE
339,百萬元,MONEY
339,港都,GPE
339,台南,GPE
339,黃偉哲,PERSON
339,國民黨,ORG
339,謝龍介,PERSON
339,台積電,ORG
339,高雄,GPE
339,南高雙城,GPE
339,小嫻,PERSON
339,南科,GPE
339,年前,DATE
339,多萬元,MONEY
339,小嫻,PERSON
339,今年,DATE
339,安南區,GPE
339,十二,CARDINAL
339,多萬,CARDINAL
339,幾年,DATE
339,當年,DATE
339,國民黨,ORG
339,謝龍介,PERSON
339,議會,ORG
339,黃偉哲,PERSON
339,上百萬,CARDINAL
339,台南,GPE
339,黃偉哲,PERSON
339,高雄,GPE
339,台積電,ORG
339,高雄,GPE
339,台中,GPE
339,台南,GPE
339,南科,GPE
339,沙崙科學園區,LOC
339,蛋黃區,LOC
339,綠營縣市,ORG
339,台南,GPE
339,李中岑,PERSON
339,何,PERSON
339,去年,DATE
339,高雄楠梓,GPE
339,周末,DATE
339,郭建盟,PERSON
339,台積電,ORG
339,楠梓,GPE
339,楠梓,GPE
339,營鼓山,GPE
339,三民區,LOC
339,鼓山,GPE
339,左營區,GPE
339,國民黨,ORG
339,黃香菽,PERSON
339,高雄,GPE
339,高雄,GPE
339,陳其邁,PERSON
339,台積電,ORG
339,施,PERSON
339,高師大,ORG
339,吳連賞,PERSON
339,中山大學,ORG
339,郭瑞坤,PERSON
339,高雄,GPE
339,高雄,GPE
339,台北,GPE
339,少千,PERSON
339,至千元,MONEY
339,高雄,GPE
340,兩,CARDINAL
340,美,NORP
340,台灣,GPE
340,台灣,GPE
340,爽日子,PERSON
340,台灣,GPE
342,顧上鈞,PERSON
342,李偉華,PERSON
342,第份,ORDINAL
342,新北,GPE
342,台北,GPE
342,徐,PERSON
342,徐,PERSON
342,高雄人,NORP
342,徐,PERSON
342,前幾天,DATE
342,前幾個月,DATE
342,好幾年,DATE
342,兩,CARDINAL
342,徐,PERSON
342,前幾天,DATE
342,中永和,GPE
342,幾年快年,DATE
342,千萬,CARDINAL
342,雙北地區,LOC
342,顧上鈞,PERSON
342,中國大陸,GPE
342,新北市人,NORP
342,萬塊,MONEY
342,早上,TIME
342,十幾個小時,TIME
342,顧上鈞,PERSON
342,兩,CARDINAL
342,三千萬,CARDINAL
342,新北重劃區,FAC
342,桃園南崁,LOC
342,桃園,GPE
342,台北,GPE
342,萬元,MONEY
342,萬,CARDINAL
342,台灣,GPE
342,台灣,GPE
342,兩,CARDINAL
342,八年,DATE
342,聯徵中心,ORG
342,台大國發所,ORG
342,辛炳隆,PERSON
342,第建經研究中心,ORG
342,張菱育,PERSON
342,兩,CARDINAL
342,兩,CARDINAL
342,台灣,GPE
342,千分之,PERCENT
342,年底,DATE
342,台灣,GPE
342,台大國發所,ORG
342,辛炳隆,PERSON
342,蔡,PERSON
342,萬八,CARDINAL
342,九萬,CARDINAL
343,中國,NORP
343,台灣,GPE
343,躺平族,ORG
344,平族,NORP
345,中文字,LANGUAGE
346,韓國,NORP
346,朝鮮,GPE
346,百萬,CARDINAL
346,百萬,CARDINAL
346,台灣,GPE
347,澎湖,LOC
347,台灣,GPE
347,上萬,CARDINAL
348,台,GPE
348,約萬,CARDINAL
348,台灣,NORP
348,萬,CARDINAL
348,約百萬,CARDINAL
348,平仔,PERSON
348,台灣,NORP
348,萬,CARDINAL
348,台灣,GPE
348,台灣,GPE
348,台北市,GPE
348,百萬,CARDINAL
348,台灣,GPE
348,首爾,GPE
348,上海,GPE
348,東京,GPE
348,台北市,GPE
348,金字塔,FAC
348,台灣,GPE
348,萬,CARDINAL
348,韓國,GPE
348,法國,GPE
348,英國,GPE
348,德國,GPE
348,台灣,GPE
349,台積電蘋果,ORG
349,零時,TIME
350,張居隱,PERSON
350,林保宏,PERSON
350,今年歲,DATE
350,兩,CARDINAL
350,南港,GPE
350,將近萬,CARDINAL
350,次貸風暴,EVENT
350,約莫年,PERSON
350,從年到去年,DATE
350,兩,CARDINAL
350,第,ORDINAL
352,歐美人,NORP
352,近年來,DATE
352,亞洲人,NORP
352,中國,NORP
352,日本,GPE
352,台灣,GPE
352,亞洲,LOC
353,台百萬,CARDINAL
354,阿,GPE
354,早上,TIME
354,中午,TIME
354,下午,TIME
354,日復日,DATE
354,周末,DATE
355,早上,TIME
355,今天,DATE
355,十分鐘,TIME
355,半個小時,TIME
355,中午,TIME
355,兩小時,TIME
355,日文,LANGUAGE
355,二日,DATE
355,八塊半,MONEY
355,今天,DATE
355,半個月,DATE
356,四川,GPE
356,四川,GPE
356,上海,GPE
356,蕭敬騰,PERSON
356,成都,GPE
356,四川幫,ORG
356,台灣,GPE
356,上海幫,PERSON
356,明天,DATE
356,七十大壽,DATE
356,中國人,NORP
356,十,CARDINAL
356,五百年,DATE
356,中華,NORP
356,今夏,DATE
356,北戴河,LOC
356,習帝,PERSON
356,中華,NORP
356,千秋,PERSON
356,宏圖,PERSON
356,三,CARDINAL
356,四,CARDINAL
356,聖帝,PERSON
356,美,GPE
356,英,GPE
356,中華,NORP
356,聖帝,PERSON
356,孫文,PERSON
356,中華,NORP
356,怨世道,PERSON
356,台語,LANGUAGE
356,虎年,DATE
356,五千年,DATE
356,聖帝,PERSON
356,美,GPE
356,英,GPE
356,金字塔,FAC
356,英語,LANGUAGE
356,日語,LANGUAGE
356,日本人,NORP
356,中國人,NORP
356,中國話,LANGUAGE
356,中華,NORP
356,中華,NORP
356,數億,CARDINAL
356,中國人,NORP
356,北戴河,GPE
356,中華,NORP
356,五千年,DATE
356,王道,PERSON
356,五千年,DATE
356,千門萬,CARDINAL
357,八,CARDINAL
357,本魯,PERSON
357,九年,DATE
357,九年,DATE
357,大二,CARDINAL
358,昨天,DATE
359,台灣,NORP
359,狄卡,PERSON
359,台灣,NORP
360,台灣,GPE
360,三立,ORG
360,陳韋帆,PERSON
360,台北,GPE
360,陳韋帆,PERSON
360,台灣,GPE
360,千元,MONEY
360,葉國華,PERSON
360,台灣,GPE
360,橙舍青旅,ORG
360,翁崇耀,PERSON
360,三立新聞網,ORG
360,橙舍青旅,ORG
360,台灣,GPE
360,第間,ORDINAL
360,光西門町,LOC
360,台北市,GPE
360,過去~年,DATE
360,陸,GPE
360,台灣,GPE
360,陸客,NORP
360,翁崇耀,PERSON
360,翁崇耀,PERSON
360,新冠疫情,EVENT
360,翁崇耀,PERSON
360,千元,MONEY
360,千元,MONEY
360,翁崇耀,PERSON
360,兩,CARDINAL
360,二,ORDINAL
360,翁崇耀,PERSON
360,第波,ORDINAL
360,翁崇耀,PERSON
360,百元,MONEY
360,千,CARDINAL
360,年底,DATE
360,葉國華,PERSON
360,台灣,GPE
360,葉國華,PERSON
360,台灣,GPE
360,香,GPE
360,日本化,GPE
360,北市,GPE
360,日本,GPE
360,葉國華,PERSON
360,台北市,GPE
361,台灣,GPE
362,兩千萬,CARDINAL
362,幾十年,DATE
362,第天,DATE
363,十萬,CARDINAL
364,台灣,GPE
365,台灣,GPE
365,兩個月,DATE
365,兩個月,DATE
365,去年整年,DATE
365,台灣,GPE
365,日本,GPE
365,去年整年,DATE
365,第點,ORDINAL
365,雙北,LOC
365,林口,GPE
365,淡水,GPE
365,七天,DATE
365,民眾黨,ORG
365,富者恆富,ORG
365,台灣,GPE
365,去年整年,DATE
365,雙北,GPE
365,第二,ORDINAL
365,台北市,GPE
365,新北,GPE
367,三天,DATE
367,中華郵政,ORG
367,中華郵政,ORG
367,中華,GPE
369,房衛,GPE
369,七淘仔,GPE
370,考試院,ORG
370,韓國,GPE
372,民視,ORG
372,陳韻年,PERSON
372,李志銳,PERSON
372,蔡承佑,PERSON
372,宮仲毅,PERSON
372,黃珊珊,PERSON
372,藍營,ORG
372,台北大安區,LOC
372,信維市場管理委員會,ORG
372,社區大樓,FAC
372,黃珊,PERSON
372,蔣萬安,PERSON
372,北市,GPE
372,黃珊珊,PERSON
372,李正皓,PERSON
372,蔣萬安,PERSON
372,六,CARDINAL
372,台北市政府,ORG
372,黃珊珊,PERSON
372,台北,GPE
372,大安區,LOC
372,信維大樓,FAC
372,黃珊珊,PERSON
372,黃珊珊,PERSON
372,台北市,GPE
372,黃珊珊,PERSON
372,去年,DATE
372,台北市,GPE
372,黃珊珊,PERSON
372,信維大樓,FAC
372,維大樓,ORG
372,黃珊珊,PERSON
372,大安區,GPE
372,蔣萬安,PERSON
372,台北市長,GPE
372,蔣萬安,PERSON
372,台北市,GPE
372,台北市,GPE
372,簡舒培,PERSON
372,黃珊珊,PERSON
372,兩個禮拜,DATE
372,母親節,DATE
372,蔣萬安,PERSON
372,今天,DATE
372,蔣萬安,PERSON
372,余莓莓,PERSON
372,于北辰于,PERSON
372,韓國瑜,PERSON
372,韓,GPE
372,四面佛,PERSON
372,八面佛,WORK_OF_ART
372,李正皓,PERSON
372,蔣萬安,PERSON
372,葉元之,PERSON
372,蔣萬安,PERSON
372,民進黨,ORG
372,躺平路,PERSON
372,朱立倫,PERSON
372,簡舒培,PERSON
372,黃珊珊,PERSON
372,兩個禮拜前,DATE
372,母親節,DATE
372,蔣萬安,PERSON
372,今天,DATE
372,蔣萬安,PERSON
372,國民黨,ORG
372,國民黨,ORG
373,六,CARDINAL
373,七,CARDINAL
373,八,CARDINAL
373,九,CARDINAL
373,七,CARDINAL
373,八九年級,DATE
373,七,CARDINAL
376,旦,PERSON
377,民視,ORG
377,陳韻年,PERSON
377,蔣萬安,PERSON
377,朱立倫,PERSON
377,國民黨,ORG
377,台北,GPE
377,蔣萬安,PERSON
377,朱立倫,PERSON
377,蔣萬安,PERSON
377,蔣萬安,PERSON
377,上午,TIME
377,龍山寺,FAC
377,郝龍斌,PERSON
377,朱立倫,PERSON
377,蔣萬安,PERSON
377,朱立倫,PERSON
377,龍山寺,ORG
377,黃書瑋,PERSON
377,蔣,PERSON
377,張白,PERSON
377,萬安,PERSON
377,上星期,DATE
377,陳時中,PERSON
377,蔣萬安,PERSON
377,龍山寺,ORG
377,陳時中,PERSON
377,蔣萬安,PERSON
377,台北市長,GPE
377,蔣萬安,PERSON
377,台北市,GPE
377,陳時中,PERSON
377,龍山寺,FAC
377,今天,DATE
377,龍山寺,FAC
377,蔣萬安,PERSON
377,台語,LANGUAGE
377,台北市長,GPE
377,蔣萬安,PERSON
377,萬華,GPE
377,台北,GPE
377,蔣萬安,PERSON
377,台北,GPE
377,柯文哲,PERSON
377,蔣萬安,PERSON
377,台北市長,GPE
377,蔣萬安,PERSON
377,內湖,GPE
377,第二,ORDINAL
377,第三,ORDINAL
377,朱立倫,PERSON
377,朱立倫,PERSON
377,黨中央,ORG
377,蔣萬安,PERSON
377,台北市長,ORG
377,郝龍斌,PERSON
377,蔣萬安,PERSON
377,朱立倫,PERSON
377,國民黨,ORG
377,朱立倫,PERSON
377,國民黨,ORG
377,柯文哲,PERSON
377,新北,GPE
377,侯友宜,PERSON
377,朱立倫,PERSON
377,國民黨,ORG
377,朱立倫,PERSON
377,柯,PERSON
377,柯,PERSON
377,朱立倫,PERSON
377,郝龍斌,PERSON
377,蔣萬安,PERSON
377,朱立倫,PERSON
377,丁守中,PERSON
377,國民黨,ORG
378,聯合報,WORK_OF_ART
378,徐偉,PERSON
378,陳時中,PERSON
378,蔣萬安,PERSON
378,民進黨,ORG
378,台北市長,ORG
378,陳時中,PERSON
378,莊瑞雄,PERSON
378,陳時中,PERSON
378,國民黨,ORG
378,台北,GPE
378,蔣萬安,PERSON
378,今天,DATE
378,陳,PERSON
378,陳時中,PERSON
378,蔣萬安,PERSON
378,北投,GPE
378,陳時中,PERSON
378,昨天,DATE
378,蔣萬安,PERSON
378,蔣萬安,PERSON
378,林智堅,PERSON
378,陳,PERSON
378,陳時中,PERSON
378,蔣萬安,PERSON
378,陳時中,PERSON
378,蔣萬安,PERSON
378,陳時中,PERSON
378,第二,ORDINAL
378,台北市,GPE
378,多萬,CARDINAL
378,蔣萬安,PERSON
378,陳時中,PERSON
378,萬華,GPE
378,萬華,PERSON
378,莊瑞雄,PERSON
378,陳時中,PERSON
378,陳時中,PERSON
378,蔣萬安,PERSON
378,陳時中,PERSON
378,民進黨,ORG
378,桃園,GPE
378,林智堅,PERSON
378,蔣萬安,PERSON
378,民進黨,ORG
378,台北抄跑隊,ORG
378,民進黨,ORG
378,蔣萬安,PERSON
378,民進黨,ORG
378,林靜儀,PERSON
378,陳時中,PERSON
378,蔣萬安,PERSON
378,立法院,ORG
378,去年月,DATE
378,第次,ORDINAL
378,陳時中,PERSON
378,月底,DATE
378,林靜儀,PERSON
378,行政院,ORG
378,蔣萬安,PERSON
378,陳時中,PERSON
378,衛福部,ORG
378,行政院,ORG
379,下年,DATE
379,好幾萬,DATE
379,夯魯,PERSON
380,佛家,NORP
381,今年到月,DATE
381,張辰嬿,PERSON
381,呂郁鈴,PERSON
381,本月,DATE
381,存萬,CARDINAL
382,台灣,GPE
382,堆扶,PERSON
382,阿斗,PERSON
382,八卦板,ORG
383,柬,GPE
385,周,PERSON
385,星期六日,DATE
385,萬勒,PERSON
386,三五百萬,CARDINAL
387,安妞哈,PERSON
389,中國,GPE
389,文禮運大,PERSON
389,人口販賣集團人蛇集團,ORG
390,安安安,PERSON
390,七,CARDINAL
390,八,CARDINAL
390,七,CARDINAL
390,七,CARDINAL
390,七,CARDINAL
390,八,CARDINAL
390,八,CARDINAL
390,七,CARDINAL
391,中國,GPE
391,十幾年,DATE
391,日本,GPE
391,平成廢宅,PERSON
391,中國,GPE
391,日本,GPE
391,美國,GPE
391,中國,GPE
391,美國,GPE
391,中國,GPE
391,蘇聯,GPE
391,中國,GPE
391,印度,GPE
391,中國,GPE
391,中國,GPE
392,立方公尺,QUANTITY
392,立方公尺,QUANTITY
393,台灣,GPE
393,兩,CARDINAL
393,兩,CARDINAL
395,三十歲,DATE
395,四十萬,CARDINAL
395,三十年,DATE
395,兩百萬,CARDINAL
395,美國,GPE
395,美國,GPE
395,台灣,GPE
396,民進黨,ORG
396,台灣,NORP
396,台灣,GPE
396,台灣,GPE
396,年底,DATE
396,民進黨,ORG
397,聯合新聞網,ORG
397,林縉明,PERSON
397,民眾黨,ORG
397,三,CARDINAL
397,民眾黨,ORG
397,今天,DATE
397,下午,TIME
397,西門町,LOC
397,柯文哲,PERSON
397,民眾黨團,ORG
397,民眾黨,ORG
397,謝立功,PERSON
397,三,CARDINAL
397,謝立功,PERSON
397,蔡英文,PERSON
397,八年,DATE
397,蔡,PERSON
397,民眾黨團,ORG
397,邱臣遠,PERSON
397,民眾黨,ORG
397,桃園,GPE
397,賴香伶,PERSON
397,桃園市,GPE
397,春日路,LOC
397,萬元,MONEY
397,桃園市,GPE
397,萬元,MONEY
397,賴香伶,PERSON
397,士林苑,PERSON
397,王,PERSON
398,前幾年,DATE
398,台灣,GPE
398,台灣,NORP
398,台灣人,NORP
398,北京清華大學的圖書館,FAC
398,半夜,TIME
398,台灣,GPE
398,台灣,GPE
398,這幾年,DATE
398,歐美,LOC
398,寧靜,PERSON
398,萬長輩,PERSON
399,前幾天,DATE
399,中秋節,DATE
399,十幾年,DATE
399,台重機,ORG
400,四萬,CARDINAL
403,聯合報,ORG
403,陳素玲,PERSON
403,五十七歲,DATE
403,台大資訊系,ORG
403,台灣,GPE
403,四千萬,CARDINAL
403,五十五歲,DATE
403,三年前,DATE
403,數百萬,CARDINAL
403,兩,CARDINAL
403,廿七歲,DATE
403,統計系,ORG
403,台南人,NORP
403,台中,GPE
403,三萬元,MONEY
403,兩,CARDINAL
403,台灣,GPE
403,近廿年來,DATE
403,台灣,GPE
403,卅五歲,DATE
403,四十五,CARDINAL
403,廿年,DATE
403,台大國發所,ORG
403,辛炳隆,PERSON
403,民國七十,DATE
403,九年,DATE
403,台灣,GPE
403,台灣,GPE
403,台灣,GPE
403,廿年,DATE
403,四十年,DATE
403,台灣,NORP
403,民國七十年代,DATE
403,百分之廿,PERCENT
403,民國八十年,DATE
403,當年,DATE
403,百分之八,PERCENT
403,三七,TIME
403,百分之十點八二,PERCENT
403,八十年,DATE
403,百分,PERCENT
403,八點四九八十二年,DATE
403,百分之七點零七,PERCENT
403,八十五年,DATE
403,百分之五,PERCENT
403,八十九年,DATE
403,百分之三,PERCENT
403,九十年,DATE
403,百分之二,PERCENT
403,台灣,GPE
403,文化大學勞動暨人力資源學系,ORG
403,李健鴻,PERSON
403,○七年,DATE
403,台灣,GPE
403,六年,DATE
403,○七年起到○年,DATE
404,中國,GPE
404,美國,GPE
404,中國,GPE
406,忠烈祠,FAC
407,美商,NORP
407,老美,GPE
407,台灣,GPE
407,兩,CARDINAL
407,老美,GPE
407,美國,GPE
407,美國人,NORP
407,華人,NORP
407,半,CARDINAL
407,華人,NORP
407,美籍,NORP
407,老美,NORP
407,台積電,ORG
407,越南印尼台積電,ORG
407,老美,NORP
407,老美,NORP
407,老美,GPE
407,老美,NORP
407,老美,NORP
408,聖光貓貓,PERSON
408,唐貓貓,PERSON
408,貓貓,PERSON
409,劉維榛,PERSON
409,鄺郁庭,PERSON
409,三,CARDINAL
409,萬元,MONEY
409,高雄,GPE
409,拉屎拉,PERSON
409,兩年,DATE
410,九成,CARDINAL
411,半小時,TIME
412,日本人,NORP
412,日本人,NORP
414,台北,GPE
415,台灣,GPE
415,前幾年,DATE
415,台灣,GPE
415,台幣,MONEY
415,六,CARDINAL
415,高雄美術館,ORG
415,竹北新北,GPE
415,台北,GPE
415,燕巢麥寮車城,LOC
415,月萬,CARDINAL
415,台北,GPE
415,萬,CARDINAL
415,泰安,GPE
415,台北,GPE
415,萬崩,PERSON
415,台大,ORG
415,歐,LOC
415,美,GPE
416,聯合報,ORG
416,陳韋廷,PERSON
416,年底,DATE
416,俄國,GPE
416,十三日,DATE
416,俄國,GPE
416,普亭,PERSON
416,今年,DATE
416,中國大陸,GPE
416,習近平,PERSON
416,二○二二年,DATE
416,克里姆林宮,ORG
416,佩斯科夫,PERSON
416,兩,CARDINAL
416,習近平,PERSON
416,普亭,PERSON
416,今年,DATE
416,普亭,PERSON
416,習近平,PERSON
416,兩,CARDINAL
416,二月,DATE
416,京冬奧,PERSON
416,九月,DATE
416,烏茲別克,GPE
416,上合組織,ORG
416,蘇羅維金,PERSON
416,弗拉基米爾·伊萬諾維奇·蘇羅維金,PERSON
416,衛國戰爭,EVENT
416,蘇聯,GPE
416,韓戰,EVENT
416,米格走廊,LOC
416,三,CARDINAL
416,美軍,ORG
416,韓戰,EVENT
416,俄國,GPE
416,世界盃,EVENT
416,冬季,DATE
416,伊斯蘭遜尼派,ORG
416,世界盃,EVENT
416,習近平,PERSON
416,世界盃,EVENT
417,當天,DATE
417,晚上六點,TIME
417,清二楚,CARDINAL
417,第三,ORDINAL
418,十年前,DATE
419,東亞,LOC
419,日本,GPE
419,南韓,GPE
419,最近幾年,DATE
419,台灣,GPE
419,中國,GPE
419,東亞,LOC
419,歐美人,NORP
419,歐美人,NORP
419,歐,LOC
419,美,GPE
420,中國,GPE
420,歐,LOC
420,美,GPE
420,本魯,PERSON
420,田佩克拉,PERSON
420,高工,ORG
420,過年,DATE
421,林保宏,PERSON
421,去年,DATE
421,半數,CARDINAL
421,賴,PERSON
421,七,CARDINAL
423,十幾年,DATE
423,三,CARDINAL
423,年前,DATE
423,十歲,DATE
423,十幾歲,DATE
423,億韓元,MONEY
423,亞馬遜,ORG
423,二,CARDINAL
424,七,CARDINAL
424,台灣,GPE
424,台灣,GPE
424,今天,DATE
424,四十年,DATE
425,阿肥,PERSON
425,阿肥,PERSON
425,今天,DATE
425,阿肥,PERSON
425,今天,DATE
425,阿肥,PERSON
425,百萬,CARDINAL
425,阿桑,PERSON
425,真·躺平,PERSON
426,荷蘭,GPE
426,第五,ORDINAL
426,臺灣,GPE
426,東亞,LOC
426,日本,GPE
426,荷蘭,GPE
426,台灣,GPE
426,台灣人,NORP
427,王薏絜,PERSON
427,兩,CARDINAL
427,李晨馨,PERSON
427,三四萬元,MONEY
427,李晨馨,PERSON
427,三倍,CARDINAL
427,李晨馨,PERSON
427,桃園,GPE
427,三,CARDINAL
427,百萬,CARDINAL
427,李晨馨,PERSON
427,台灣,GPE
427,台灣,GPE
427,台大國發所,ORG
427,辛炳隆,PERSON
427,兩,CARDINAL
427,何世昌,PERSON
427,明年的下半年,DATE
427,最近這幾年,DATE
427,萬多,CARDINAL
427,兩,CARDINAL
427,第,CARDINAL
427,第二,ORDINAL
428,台灣,GPE
428,這幾天,DATE
428,明年月,DATE
429,台灣,GPE
429,七八年,DATE
429,八小時,TIME
429,兩小時,TIME
431,台灣,GPE
431,兩年,DATE
431,四天,DATE
431,前年,DATE
431,台灣,GPE
431,台灣,GPE
432,烏克蘭地大物博,FAC
432,歐盟陸路,FAC
432,烏克蘭,GPE
432,抗戰,EVENT
432,台灣,GPE
432,歐,NORP
432,美,NORP
432,台灣,GPE
432,台灣海空軍,ORG
432,八年,DATE
432,烏克蘭,GPE
432,基輔,GPE
432,台北市,GPE
432,這幾年,DATE
432,台灣,GPE
432,美國,GPE
432,台灣,GPE
433,幾小時,TIME
433,週上個幾天,DATE
434,七天,DATE
434,七天,DATE
436,台大,ORG
437,早上,TIME
437,晚上,TIME
437,分鐘,TIME
438,台大,ORG
438,八卦板,ORG
440,阿肥,PERSON
440,魯肥,PERSON
440,過年,DATE
440,魯肥,PERSON
440,魯肥,PERSON
440,魯肥,PERSON
440,明日,DATE
440,魯肥,PRODUCT
440,魯肥,PERSON
440,阿肥,PERSON
440,魯肥,PERSON
440,明天,DATE
440,苗栗國,GPE
440,前幾年,DATE
441,余弦妙,PERSON
441,台北,GPE
441,台灣,NORP
441,前年,DATE
441,大前年,DATE
441,六成五,PERCENT
441,求職網,ORG
441,楊宗斌,PERSON
441,去年,DATE
441,兩,CARDINAL
441,楊宗斌,PERSON
441,今年,DATE
441,六,CARDINAL
441,楊宗斌,PERSON
441,三年,DATE
441,日本人,NORP
442,東森,ORG
442,陳宏瑞,PERSON
442,高雄市代銷公會,ORG
442,謝哲耀,PERSON
442,央行,ORG
442,謝哲耀,PERSON
442,台灣,GPE
442,謝哲耀,PERSON
442,萬元,MONEY
442,萬元,MONEY
442,萬元,MONEY
442,萬元,MONEY
442,孝親費,PERSON
442,萬元,MONEY
442,萬元,MONEY
442,年多,DATE
442,謝哲耀,PERSON
444,台灣,GPE
444,五,CARDINAL
444,分年,DATE
444,台灣,GPE
444,三,CARDINAL
446,台灣,GPE
446,台灣,GPE
446,去年,DATE
447,萬元,MONEY
447,五年,DATE
448,百萬,CARDINAL
448,台灣,GPE
448,百萬,CARDINAL
448,台灣,GPE
448,陳時中,PERSON
448,台灣,GPE
448,台灣,GPE
448,民進黨,ORG
448,民進黨,ORG
448,黃國昌,PERSON
448,林昶佐,PERSON
448,林昶佐,PERSON
448,民進黨,ORG
448,黃國昌,PERSON
448,民進黨,ORG
448,平均地權法案,LAW
448,黃國昌,PERSON
448,民進黨,ORG
448,民進黨,ORG
449,台灣,GPE
451,台灣,GPE
451,七天,DATE
451,阿,GPE
451,阿,GPE
452,高雄,NORP
452,五百萬,MONEY
452,個月,DATE
452,萬八千多,CARDINAL
452,謝先生,PERSON
453,千塊台幣,MONEY
453,十,CARDINAL
453,十,CARDINAL
454,那天,DATE
455,韓國,GPE
455,去年,DATE
455,首爾,GPE
455,兩,CARDINAL
455,陳椒華,PERSON
455,四,CARDINAL
455,歐,LOC
455,美,NORP
455,南韓,GPE
455,台灣,GPE
455,台灣,GPE
457,文革,EVENT
457,入世,ORG
457,云云,PERSON
457,劉慈欣,PERSON
457,艾西莫夫,PERSON
457,三,CARDINAL
457,三,CARDINAL
457,中國,GPE
457,劉慈欣,PERSON
457,倪匡,PERSON
458,明天,DATE
460,過年後,DATE
460,豬年後,DATE
460,年後,DATE
460,年後,DATE
461,九成,CARDINAL
461,二手,CARDINAL
462,安安,PERSON
462,桃園,GPE
462,明天,DATE
462,八成,CARDINAL
462,明天,DATE
462,史瑞克,PERSON
462,肥肥宅,FAC
463,七,CARDINAL
463,四成,CARDINAL
463,六成,CARDINAL
463,兩成,PERCENT
463,兩成,PERCENT
463,八,CARDINAL
463,六,CARDINAL
463,萬新台幣,MONEY
463,萬新台幣,MONEY
463,內政部主計處,ORG
463,四成,CARDINAL
463,台灣島,LOC
463,台灣人,NORP
463,台灣,NORP
463,非洲,NORP
463,非洲,NORP
463,三十幾年,DATE
464,本魯,PERSON
464,年以上,DATE
466,下午,TIME
466,這小時,TIME
467,日結,NORP
467,台灣人,NORP
467,三天,DATE
467,台灣人,NORP
467,幾千幾萬,CARDINAL
467,台灣人,NORP
467,幾十年,DATE
467,三天,DATE
467,清湯麵,PERSON
467,台灣,GPE
468,約萬,CARDINAL
469,幾年,DATE
469,四十年,DATE
469,元白,PERSON
469,四十年,DATE
469,上個月,DATE
470,今晚,TIME
470,明天,DATE
470,白天,TIME
470,千五六,CARDINAL
470,年前,DATE
470,半個月,DATE
470,兩,CARDINAL
470,金班花蓮,GPE
470,高雄,GPE
470,春節,DATE
471,台灣,GPE
472,第二,ORDINAL
472,兩,CARDINAL
472,社福機構,ORG
472,馬克思,PERSON
472,年前,DATE
472,今天,DATE
472,明天,DATE
472,今天,DATE
473,年後,DATE
474,日本,GPE
474,台灣,GPE
474,台灣,GPE
475,林三淡基桃,GPE
475,台北,GPE
475,金山,GPE
475,萬里石門,GPE
475,台北市,GPE
476,日本,NORP
476,數十年,DATE
476,台灣,GPE
476,台灣,GPE
477,東森,ORG
477,劉維榛,PERSON
477,千到萬,CARDINAL
477,加加,ORG
477,萬,CARDINAL
477,台灣,GPE
477,四萬,CARDINAL
478,阿肥,PERSON
478,這幾年,DATE
479,兩萬六千,CARDINAL
479,十分鐘,TIME
480,兩年,DATE
480,百萬,CARDINAL
480,十倍,CARDINAL
480,台灣,GPE
481,幾百萬,CARDINAL
481,幾千萬台幣,MONEY
481,億元,MONEY
481,台灣,GPE
481,越南,GPE
482,主計處,ORG
482,台灣,GPE
482,半數,CARDINAL
482,台,GPE
483,星巴克,ORG
483,路易莎,PERSON
484,中時,ORG
484,周麗蘭,PERSON
484,躺平族,PERSON
484,雲林科技大學,ORG
484,今日,DATE
484,就業博覽會,EVENT
484,三,CARDINAL
484,楊能舒,PERSON
484,楊能舒,PERSON
484,楊能舒,PERSON
484,下個年年,DATE
484,楊能舒,PERSON
484,下個年年,DATE
484,萬,CARDINAL
485,多個月,DATE
486,八,CARDINAL
486,寧,PERSON
487,這三年,DATE
487,民眾黨,ORG
487,兩,CARDINAL
487,微軟,ORG
487,下個月,DATE
487,日本,GPE
487,兩,CARDINAL
487,五百萬,CARDINAL
487,五分鐘,TIME
489,台灣,GPE
490,三十多歲,DATE
492,幾歲,DATE
492,下午,TIME
493,三,CARDINAL
494,今日,DATE
494,黃仁杰,PERSON
494,青年節,DATE
494,人力銀行,ORG
494,今日,DATE
494,去年,DATE
494,前年,DATE
494,萬元,MONEY
494,去年,DATE
494,萬元,MONEY
494,求職網,ORG
494,楊宗斌,PERSON
494,三年,DATE
494,旦,PERSON
494,兩,CARDINAL
494,楊宗斌,PERSON
494,兩,CARDINAL
494,三,CARDINAL
494,楊宗斌,PERSON
494,楊宗斌,PERSON
495,歐洲,LOC
495,非洲人,NORP
495,吉普賽人,NORP
495,猶太人,NORP
495,華人,NORP
495,廣東人,NORP
495,客家人,NORP
495,特族,NORP
495,北極圈,LOC
495,紐特人,NORP
495,愛斯基摩人,NORP
495,維京人,NORP
495,蒙古人,NORP
495,非洲人,NORP
495,台灣,GPE
495,阿爾迪亞人,NORP
496,幾百萬,CARDINAL
498,阿肥,PERSON
498,非洲,LOC
498,非洲,LOC
498,奈國,GPE
498,星期,DATE
498,東非,LOC
498,馬賽族人,NORP
498,奈及利亞,GPE
498,三,CARDINAL
498,台灣人,NORP
498,非洲人,NORP
498,台灣,GPE
498,奈國,GPE
498,中國人,NORP
498,剛果,GPE
498,非洲,LOC
498,非洲,NORP
499,日本,GPE
499,華語,LANGUAGE
499,日本,NORP
499,華語,LANGUAGE
499,幾百萬日元,MONEY
499,東京,GPE
499,好幾年,DATE
500,任天堂,ORG
500,瑪莉,PERSON
500,台灣,GPE
500,瑪莉麻仔台,PERSON
500,小瑪莉,PERSON
500,千塊,MONEY
501,中國,GPE
501,台灣詐騙集團,ORG
501,嫩妹,PERSON
501,歲老翁,PERSON
506,阿,PERSON
506,六十歲,DATE
507,台灣,GPE
507,勞動部,ORG
507,台,GPE
507,數萬,CARDINAL
507,隔年,DATE
507,萬,CARDINAL
507,萬,CARDINAL
507,萬,CARDINAL
507,數年,DATE
507,王,PERSON
507,超過年,DATE
507,陳,PERSON
507,半個月,DATE
507,過年期間,DATE
507,黃,PERSON
507,年節,DATE
508,台灣,GPE
508,台灣,GPE
508,阿,GPE
509,幾歲,DATE
510,五點,TIME
510,三點,TIME
510,台北市立動物園,ORG
510,百,CARDINAL
510,哇哇哇,GPE
510,幾百萬,CARDINAL
510,台灣,NORP
510,第張,ORDINAL
510,韓國,GPE
510,玄馬,PERSON
510,圓寶,PERSON
510,美,GPE
511,三立新聞網,ORG
511,徐志秀,PERSON
511,台中,GPE
511,今年,DATE
511,阿虎,PERSON
511,五年,DATE
511,萬元,MONEY
511,阿虎,PERSON
511,中午,TIME
511,下午,TIME
511,阿虎,PERSON
512,兩百,CARDINAL
513,立法院,ORG
514,早上,TIME
515,幾年前,DATE
518,九萬,CARDINAL
518,兩萬,CARDINAL
518,月存萬年,DATE
518,華夏,ORG
518,十五年,DATE
518,個月,DATE
519,日本,GPE
519,伐伐,PERSON
519,日本,GPE
519,日本,GPE
519,東海,LOC
519,丸山水庫,FAC
519,夏天,DATE
521,十,CARDINAL
522,日本,GPE
522,韓國,GPE
522,台灣,GPE
522,韓國,GPE
522,日本,GPE
522,台灣,NORP
522,台灣,GPE
522,台灣,GPE
523,大半年,DATE
523,台灣,GPE
523,民眾黨,ORG
523,台灣,GPE
523,韓國,GPE
523,韓國,GPE
523,台灣,GPE
523,韓國,GPE
523,麥當勞,ORG
523,台灣,GPE
523,麥當勞,ORG
523,台灣,GPE
523,萬,CARDINAL
523,柯,PERSON
523,台灣,GPE
523,萬出頭,CARDINAL
523,韓國,GPE
523,韓國,GPE
523,台灣,GPE
523,韓國,GPE
523,台灣,GPE
523,北歐,LOC
523,台灣,GPE
523,台灣,GPE
523,台灣,GPE
523,柯,PERSON
523,台灣,GPE
523,數年,DATE
524,台灣,GPE
524,台北車站,FAC
524,萬華,GPE
524,幾年後,DATE
526,嘉義,GPE
526,開發區,LOC
526,聯合報,ORG
526,魯永明,PERSON
526,嘉義,GPE
526,嘉義市,GPE
526,李俊俋,PERSON
526,昨天,DATE
526,立法院,ORG
526,嘉義,GPE
526,嘉義,GPE
526,王浩,PERSON
526,昨天,DATE
526,嘉義巿議會,ORG
526,財稅局長,ORG
526,林瑞彥,PERSON
526,嘉市,GPE
526,內政部,ORG
526,東森房屋研究中心,ORG
526,華廈大樓,FAC
526,王浩,PERSON
526,嘉義,GPE
526,六,CARDINAL
526,內政部,ORG
526,第季,ORDINAL
526,台北,GPE
526,台中,GPE
526,幾年,DATE
526,台北台中,GPE
526,嘉義市,GPE
526,王浩,PERSON
526,嘉義市,GPE
526,嘉義,GPE
526,兩,CARDINAL
526,夏天,DATE
526,中央,ORG
526,市府地政處,ORG
526,湖子,GPE
526,年前,DATE
526,萬元,MONEY
526,萬元,MONEY
526,嘉市,GPE
526,坪坪,GPE
526,至萬元,MONEY
526,那天,DATE
526,嘉義縣,GPE
526,三,CARDINAL
526,多萬,CARDINAL
527,台灣人,NORP
527,兩,CARDINAL
527,第三,ORDINAL
527,蔡,PERSON
527,七年,DATE
527,台灣,GPE
527,台,GPE
527,早上,TIME
527,龍蓋,PERSON
527,台南,GPE
527,台灣人,NORP
527,七年前,DATE
527,七歲,DATE
528,中華民國,GPE
528,柯文哲,PERSON
528,周煊惠,PERSON
528,民眾黨,ORG
528,柯文哲,PERSON
528,今日,DATE
528,中華民國,GPE
528,柯,PERSON
528,中華民國中華民國台灣台灣,GPE
528,柯文哲,PERSON
528,上午,TIME
528,淡水滬尾藝文休閒園區,FAC
528,捷金鬱金香酒店樓,FAC
528,台灣,NORP
528,眾黨,ORG
528,民眾黨,ORG
528,柯文哲,PERSON
528,台灣,GPE
528,蔡,PERSON
528,英文,LANGUAGE
528,台灣,GPE
528,柯,PERSON
528,台灣,GPE
528,中,GPE
528,美,GPE
528,台海,LOC
528,柯文哲,PERSON
528,中華民國,GPE
528,台灣,GPE
528,柯,PERSON
528,台灣,GPE
528,中華民國中華民國,GPE
528,台灣,GPE
528,柯文哲,PERSON
528,邱臣遠,PERSON
529,七年前,DATE
529,七年,DATE
529,台灣,GPE
529,台灣,NORP
529,柯文哲,PERSON
529,四年,DATE
530,北台北市區,GPE
530,日本,GPE
530,大立,ORG
530,阿共,PERSON
530,台灣,GPE
530,美國,GPE
531,台,GPE
531,七年前,DATE
531,今天,DATE
532,台北市,GPE
532,這兩年,DATE
532,蛋黃區,LOC
533,政大法律系,ORG
533,政大,ORG
533,日本,GPE
533,歐,LOC
533,兩,CARDINAL
534,幾十億,CARDINAL
534,幾十億,CARDINAL
535,日本,GPE
535,美國,GPE
535,日本,GPE
535,第步,ORDINAL
535,日幣,NORP
535,日本人,NORP
535,日本,GPE
535,美國,GPE
535,美國,GPE
535,中國,GPE
535,美國,GPE
535,中國,GPE
535,中國,GPE
535,今天,DATE
535,第二,ORDINAL
535,美國,GPE
535,日本,GPE
535,美國,GPE
535,日本,GPE
535,日本,GPE
535,日本,GPE
535,日本,GPE
535,日本,NORP
536,台灣,GPE
536,台灣,GPE
536,雙北,GPE
536,桃園林口,GPE
536,桃園,GPE
536,這幾年,DATE
537,台灣,NORP
537,三千萬,CARDINAL
537,四千萬,CARDINAL
537,二,ORDINAL
537,法拉利,ORG
537,台灣,NORP
538,蔡,PERSON
538,民進黨,ORG
538,馬,PERSON
538,蔡,PERSON
538,賴,PERSON
538,明年,DATE
538,民進黨,ORG
538,七年前,DATE
538,七年,DATE
538,台灣,GPE
538,台灣,NORP
538,柯文哲,PERSON
538,四年,DATE
539,孔子,PERSON
539,孔子,PERSON
539,顏回,PERSON
539,孔子,PERSON
539,顏回,PERSON
542,七,CARDINAL
542,林九萬,PERSON
542,二,CARDINAL
543,甘屋,PERSON
543,八,CARDINAL
544,中國,GPE
544,台灣海峽,LOC
544,中國,NORP
544,平族,NORP
544,東南亞,LOC
544,巴士海峽,LOC
544,印度印度洋,LOC
544,美國,GPE
544,太平洋,LOC
544,美國工會,ORG
545,年內,DATE
545,三,CARDINAL
545,兩,CARDINAL
545,青安,GPE
545,千元,MONEY
546,天母,GPE
546,台北市,GPE
549,九成,CARDINAL
550,聯合報,WORK_OF_ART
550,任義宇,PERSON
550,高雄,GPE
550,國安,ORG
550,台灣,GPE
550,高雄市議會,ORG
550,今天,DATE
550,陳美,PERSON
550,國安,ORG
550,高雄市議會,ORG
550,今天,DATE
550,高雄市,GPE
550,中央勞動部,ORG
550,南科管理局,ORG
550,高雄,GPE
550,高雄市,GPE
550,鄭安秝,PERSON
550,陳美雅,PERSON
550,高雄,GPE
550,台灣,GPE
550,高雄市府勞工局,ORG
550,今年,DATE
550,第季,DATE
550,萬,CARDINAL
550,萬,CARDINAL
550,義守大學,ORG
550,李樑堅,PERSON
550,台灣,GPE
550,國安,ORG
550,高餐共同教育委員會,ORG
550,劉維群,PERSON
550,博覽會,EVENT
550,樹科大,PERSON
550,吳建德,PERSON
550,勞動部,ORG
550,高市府勞工局,ORG
551,台灣,GPE
551,台灣人,NORP
551,台灣人,NORP
551,台灣人,NORP
551,台灣人,NORP
551,台灣人,NORP
551,台灣,GPE
551,台灣人,NORP
551,越南,GPE
551,台灣,GPE
551,台灣人,NORP
551,台灣人,NORP
551,越南人,NORP
551,台灣,GPE
552,中國,GPE
552,台灣,GPE
552,日本,GPE
552,韓國,GPE
552,台灣,GPE
552,日本,GPE
552,中,GPE
552,韓,GPE
552,亞洲,LOC
552,亞洲,LOC
554,台灣,GPE
554,八卦板,ORG
554,年後,DATE
555,二戰,EVENT
556,兩萬五,MONEY
556,兩,CARDINAL
556,兩,CARDINAL
556,幾年前,DATE
558,民視,ORG
558,李佳樺,PERSON
558,楊柏玨,PERSON
558,台北,GPE
558,賴清德,PERSON
558,台,GPE
558,賴清德,PERSON
558,侯友宜,PERSON
558,柯文哲,PERSON
558,賴清,PERSON
558,民進黨,ORG
558,賴清德,PERSON
558,靜儀,PERSON
558,民進黨,ORG
558,賴清德,PERSON
558,第二,ORDINAL
558,台灣,GPE
558,台灣,GPE
558,第二,ORDINAL
558,賴清德,PERSON
558,賴清德,PERSON
558,林靜儀,PERSON
558,賴清德,PERSON
558,美國,GPE
558,台灣,GPE
558,台灣,GPE
558,台灣,GPE
558,賴清德,PERSON
558,賴廷與,PERSON
558,美國,GPE
558,美國,GPE
558,台灣,GPE
558,賴清德,PERSON
558,藍綠白,PERSON
558,賴清德,PERSON
558,兩,CARDINAL
558,侯友宜,PERSON
558,兩,CARDINAL
558,柯文哲,PERSON
558,賴清德,PERSON
558,郭雅慧,PERSON
558,賴,PERSON
558,三,CARDINAL
558,賴清德,PERSON
558,賴導,PERSON
558,美國人,NORP
558,台,GPE
559,台灣,NORP
559,台灣,GPE
560,唐僧西,PERSON
560,中國,GPE
560,四,CARDINAL
560,四,CARDINAL
560,唐僧,PERSON
561,台灣,GPE
563,黃潔文,PERSON
563,黃潔文,PERSON
563,達志,PERSON
563,今天,DATE
563,七個小時,TIME
563,個禮拜,DATE
563,金庸,PERSON
563,幾年後,DATE
565,法末法,LAW
565,佛教,ORG
565,佛教,NORP
565,佛教,NORP
565,釋迦摩尼,PERSON
565,佛教,NORP
565,回教徒,NORP
565,古蘭經,ORG
565,中國,GPE
565,四,CARDINAL
566,汩塵埃,PERSON
566,佛教,NORP
566,第二,ORDINAL
566,印度,GPE
566,西藏,GPE
566,共產黨,ORG
566,西藏,GPE
566,基督教,NORP
566,兩,CARDINAL
566,基督,ORG
566,佛教,NORP
566,基督,ORG
566,基督,ORG
566,三百年,DATE
568,中國人,NORP
568,百,CARDINAL
568,根拜,PERSON
568,道佛教,ORG
568,幾千年,DATE
568,幾萬塊,MONEY
569,張弛,PERSON
569,日本,GPE
569,東亞,LOC
569,歐,LOC
569,美,GPE
569,東亞,LOC
569,台灣,GPE
569,歐美人,NORP
569,東亞人,NORP
569,台灣人,NORP
569,日本,GPE
569,中國大陸,GPE
569,東亞人,NORP
570,幾十成,CARDINAL
571,萬年,DATE
573,快萬,CARDINAL
573,個月,DATE
573,台灣,GPE
573,台灣,GPE
574,八,CARDINAL
574,台灣,GPE
574,台灣,GPE
574,台灣,GPE
574,台灣,GPE
574,台灣,GPE
574,台灣,GPE
574,三,CARDINAL
574,台灣,GPE
575,工商時報,ORG
575,戴瑞瑤,PERSON
575,國泰世華銀行,ORG
575,萬元,MONEY
575,今年月,DATE
575,五,CARDINAL
575,六成,CARDINAL
575,萬元,MONEY
575,三,CARDINAL
575,二,CARDINAL
575,三,CARDINAL
575,國泰世華銀行,ORG
575,胡醒賢,PERSON
575,三,CARDINAL
575,六個月,DATE
575,二,CARDINAL
575,三,CARDINAL
576,張家輝,PERSON
576,李麗珍,PERSON
576,張家輝,PERSON
576,張靜,PERSON
576,李麗珍,PERSON
576,李麗珍,PERSON
576,張靜初,PERSON
577,台北,GPE
577,兔兔,PERSON
577,兔兔,PERSON
578,台大,ORG
578,哈佛大學,ORG
579,澳洲,GPE
579,分鐘,TIME
579,澳,GPE
579,萬台幣,MONEY
579,澳洲,GPE
579,布里斯,GPE
579,西點,GPE
579,這兩年,DATE
579,兩年,DATE
579,台灣,GPE
579,日月潭,LOC
579,墾丁,LOC
579,台灣,GPE
579,五,CARDINAL
580,中時,ORG
580,賴宇萍,PERSON
580,南韓,GPE
580,南韓,GPE
580,南韓,GPE
580,南韓,GPE
580,億韓元,MONEY
580,新台幣億元,MONEY
580,今年上半年,DATE
580,萬韓元,MONEY
580,新台幣萬元,MONEY
580,南韓,GPE
580,亞洲日報,ORG
580,中央日報,WORK_OF_ART
580,南韓統計廳,ORG
580,今年,DATE
580,南韓,GPE
580,萬韓元,MONEY
580,萬韓元,MONEY
580,新台幣萬元,MONEY
580,南韓國稅廳,ORG
580,去年,DATE
580,億韓元,MONEY
580,去年,DATE
580,新台幣兆元,MONEY
580,南韓,GPE
580,南韓,GPE
580,日南韓統計廳,ORG
580,萬,CARDINAL
581,中國人,NORP
582,三立新聞網,ORG
582,陳韋帆,PERSON
582,台灣人,NORP
582,個月,DATE
582,萬,CARDINAL
582,高縣市,GPE
582,今年,DATE
582,萬,CARDINAL
582,陳韋帆,PERSON
582,台灣,GPE
582,內政部,ORG
582,萬,CARDINAL
582,澎湖,GPE
582,房屋企劃研究室,ORG
582,內政部,ORG
582,萬,CARDINAL
582,台北市彰化縣南投縣雲林縣嘉義縣,GPE
582,嘉義市屏東縣,GPE
582,澎湖縣,GPE
582,郎美囡,PERSON
582,台北市,GPE
582,台北市,GPE
582,澎湖縣,GPE
582,台,GPE
582,澎湖,LOC
582,澎湖,GPE
582,徐佳馨,PERSON
583,台灣,GPE
584,孫家銘,PERSON
584,高雄,GPE
584,柯文哲,PERSON
584,民眾黨,ORG
584,柯文哲,PERSON
584,今日,DATE
584,柯文哲,PERSON
584,台灣,GPE
584,台灣,GPE
584,民眾黨,ORG
584,柯文哲,PERSON
584,今天,DATE
584,下午,TIME
584,兩千,CARDINAL
584,晚上,TIME
584,意誠堂關帝廟,FAC
584,高雄,GPE
584,第三,ORDINAL
584,第十八,ORDINAL
584,高雄,GPE
584,台灣,GPE
584,三,CARDINAL
584,台灣,GPE
584,八年,DATE
584,柯文哲,PERSON
584,明年,DATE
584,台灣,GPE
584,今天月二十日,DATE
584,民眾黨,ORG
584,台灣,GPE
584,台灣,GPE
584,中,GPE
584,美,GPE
584,中,GPE
584,美,GPE
584,台灣,GPE
584,台灣,GPE
584,清廉,PERSON
584,台灣,GPE
584,兩,CARDINAL
584,台灣,GPE
584,百年來,DATE
584,荷蘭人,NORP
584,鄭成功,PERSON
584,漢人,NORP
584,日本人,NORP
584,台灣,GPE
584,台灣,GPE
584,台灣,GPE
584,台灣,GPE
584,台灣,GPE
584,台灣人,NORP
584,台大,ORG
584,國民黨,ORG
584,民進黨,ORG
584,台北,GPE
584,去年,DATE
584,台北市,GPE
584,台灣,GPE
584,新加坡,GPE
584,台灣人,NORP
584,新加坡,GPE
584,比加坡人,NORP
584,台灣,GPE
584,新加坡,GPE
584,民進,ORG
584,台灣,GPE
584,台灣,GPE
584,柯文哲,PERSON
584,高雄,GPE
584,民進黨,ORG
584,當年,DATE
584,陳水扁,PERSON
584,民進黨,ORG
584,年前,DATE
584,台灣,GPE
584,三,CARDINAL
584,四,CARDINAL
584,立法院,ORG
584,民眾黨,ORG
584,台灣,GPE
584,民眾黨,ORG
584,四年,DATE
584,四年,DATE
584,藍綠,ORG
584,兩,CARDINAL
584,兩,CARDINAL
584,四年來,DATE
584,民眾黨,ORG
584,民眾黨,ORG
584,年前,DATE
584,台灣,GPE
585,台灣人,NORP
585,個月,DATE
585,萬,CARDINAL
585,高縣市,GPE
585,陳韋帆,PERSON
585,台北,GPE
585,三立新聞網,ORG
585,今年,DATE
585,萬,CARDINAL
585,陳韋帆,PERSON
585,台灣,GPE
585,內政部,ORG
585,澎湖,GPE
585,郎美囡,PERSON
585,內政部,ORG
585,萬,CARDINAL
585,台北市彰化縣,GPE
585,南投縣雲林縣,GPE
585,澎湖縣,GPE
585,郎美囡,PERSON
585,台北市,GPE
585,台北市,GPE
585,澎湖縣,GPE
585,台,GPE
585,澎湖,LOC
585,澎湖,GPE
585,徐佳馨,PERSON
586,美國,GPE
586,東亞,LOC
586,台灣,GPE
586,中國人,NORP
587,萬大軍,ORG
587,三,CARDINAL
587,藍綠白,PERSON
587,台灣,GPE
587,~萬,CARDINAL
587,上百萬,CARDINAL
587,美國,GPE
587,日本加拿大,GPE
587,英國,GPE
587,這幾個月,DATE
587,新加坡,GPE
587,日本,GPE
587,美國,GPE
587,英國,GPE
587,法國,GPE
587,韓國,GPE
587,這幾年,DATE
587,台灣上市櫃公司,ORG
587,新加坡,GPE
587,兩年,DATE
587,約兆,PERSON
587,今年,DATE
587,去年,DATE
587,幾十萬,CARDINAL
587,台灣,GPE
587,萬,CARDINAL
587,新加坡,GPE
587,萬,CARDINAL
587,百萬,CARDINAL
587,萬,CARDINAL
587,萬,CARDINAL
587,新加坡,GPE
587,台灣,GPE
587,新加坡,GPE
587,新加坡,GPE
587,新加坡,GPE
587,新加坡,GPE
587,新加坡,NORP
587,歐,LOC
587,美,GPE
587,新加坡,GPE
588,國民黨,ORG
588,柯文哲,PERSON
588,侯友宜,PERSON
589,年前,DATE
589,年前,DATE
589,今年,DATE
590,七,CARDINAL
590,八,CARDINAL
590,七,CARDINAL
590,太陽花運動,EVENT
590,八,CARDINAL
591,年前,DATE
592,今天,DATE
592,第天,DATE
592,阿布達比,GPE
592,北緯度,LOC
592,阿布達比,LOC
592,阿拉伯,GPE
592,大公國,GPE
592,阿布達比酋長國,GPE
592,阿聯,GPE
592,每年月至月初,DATE
592,冬季,DATE
592,年多,DATE
592,阿布達比國家水族館,FAC
592,阿布達比,GPE
592,台灣,GPE
592,幼年龜,PERSON
592,阿布達比環境署,ORG
592,阿爾艾梅里,PERSON
592,冬天,DATE
592,夏天,DATE
593,台灣,GPE
593,美國,GPE
593,日本,GPE
593,孝親費,PERSON
594,南韓,GPE
594,羅馬尼亞,GPE
594,李慧蘋,PERSON
594,羅馬尼亞,GPE
594,歐盟,ORG
594,南韓,GPE
594,南市,GPE
594,南韓城南市政府,ORG
594,南韓,GPE
594,城南市府聯誼會,ORG
594,李玉美,PERSON
594,李玉美,PERSON
594,三,CARDINAL
594,南韓,GPE
594,城南市府聯誼會,ORG
594,李玉美,PERSON
594,南韓,GPE
594,去年,DATE
594,萬千,CARDINAL
594,前年,DATE
594,少千,CARDINAL
594,去年,DATE
594,萬千,CARDINAL
594,南韓,GPE
594,金珉廷,PERSON
594,南韓,GPE
594,南韓,GPE
594,城南市政府,ORG
594,南韓,GPE
594,城南,GPE
594,南市,GPE
594,羅馬尼亞國家統計局,ORG
594,過去年間,DATE
594,羅馬尼亞,NORP
594,羅馬尼亞,NORP
594,杜明尼卡,PERSON
594,羅馬尼亞,GPE
594,歐盟統計局,ORG
594,羅馬尼亞人,NORP
594,羅馬尼亞,NORP
594,共產,ORG
594,羅馬尼亞,GPE
594,歐盟,ORG
594,羅馬尼亞,NORP
594,杜明尼卡,PERSON
594,羅馬尼亞,GPE
596,兩分鐘,TIME
596,今年,DATE
596,萌新,PERSON
597,安安,PERSON
597,三百,PERSON
598,蘇喜,PERSON
598,爭鮮,ORG
598,蘇喜,PERSON
598,爭鮮,PRODUCT
598,冬天,DATE
598,爭鮮,ORG
600,年後,DATE
600,這年,DATE
600,台灣,GPE
600,這年間,DATE
600,兩,CARDINAL
601,今天,DATE
601,十年後,DATE
601,柯,PERSON
601,中國,GPE
601,保台高,PERSON
601,台灣,GPE
601,台灣人,NORP
601,今天,DATE
601,台灣,GPE
601,南韓,GPE
601,申昌源,PERSON
601,台灣,GPE
601,今年,DATE
601,億億,CARDINAL
601,台灣,GPE
601,台灣,GPE
601,柯文哲,PERSON
601,兩萬,CARDINAL
601,五,CARDINAL
601,永春蘭州大龍國宅,FAC
601,三次快年,DATE
601,柯文哲,PERSON
602,今天,DATE
602,三,CARDINAL
602,第次,ORDINAL
602,第二,ORDINAL
602,第三,ORDINAL
602,台灣,GPE
603,台灣,GPE
603,中國,GPE
603,共產黨,ORG
603,神隱,PERSON
603,共產黨,ORG
603,中國,NORP
603,中國人,NORP
603,卡拉,GPE
603,中國,GPE
604,台企,GPE
604,兩,CARDINAL
604,中企,ORG
604,整天,DATE
604,今年,DATE
604,台灣,GPE
604,台灣,GPE
605,新莊,GPE
605,泰山溫仔郡重劃區,FAC
605,這幾年,DATE
605,明年,DATE
607,柯文哲,PERSON
607,半,CARDINAL
607,柯,PERSON
607,柯文哲,PERSON
608,冠陞,PERSON
608,台北人,NORP
608,柯文哲,PERSON
608,台北市,GPE
608,北市,GPE
608,八卦板,ORG
608,台北市,GPE
608,柯文哲,PERSON
608,台北人,NORP
608,台北人,NORP
608,台北人,NORP
608,台北,GPE
608,台北,GPE
608,台北人,NORP
608,台北人,NORP
608,內湖,GPE
608,台北人,NORP
609,中時,ORG
609,祝潤霖,PERSON
609,人力銀行,ORG
609,去年,DATE
609,去年,DATE
609,國民黨,ORG
609,李貴敏,PERSON
609,李貴敏,PERSON
609,今年,DATE
609,個月,DATE
609,經濟部,ORG
609,李貴敏,PERSON
609,主計總處,ORG
609,今年,DATE
609,月日,DATE
609,去年月,DATE
609,李貴敏,PERSON
609,李貴敏,PERSON
609,兩年前,DATE
609,去年,DATE
609,元隻元,MONEY
609,元隻元,MONEY
609,李貴敏,PERSON
610,工商時報,ORG
610,王惠琳,PERSON
610,內政部,ORG
610,日前,DATE
610,第季,DATE
610,萬,CARDINAL
610,去年,DATE
610,年以前,DATE
610,何世昌,PERSON
610,何世昌,PERSON
610,萬,CARDINAL
610,自年後,DATE
610,約萬,CARDINAL
610,約萬,CARDINAL
610,何世昌,PERSON
610,何世昌,PERSON
610,二,CARDINAL
611,土城,GPE
611,先修班,ORG
611,監所,ORG
611,個月,DATE
611,林務局,ORG
611,偏鄉圖書館,ORG
612,金城武,PERSON
612,第二,ORDINAL
612,台灣,GPE
612,金城,GPE
612,金城武,PERSON
612,台灣,GPE
613,幾歲,DATE
613,約年以前,DATE
613,晚上,TIME
614,十萬,CARDINAL
614,十萬,MONEY
614,這幾年,DATE
615,金字塔,FAC
615,十幾萬,CARDINAL
615,三,CARDINAL
615,歐洲,LOC
615,歐洲,LOC
615,金字塔,PRODUCT
615,歐洲,LOC
615,兩年三年,DATE
616,安安,PERSON
616,賀阿,PERSON
616,本肥,PERSON
617,經濟日報,WORK_OF_ART
617,經濟日報,WORK_OF_ART
617,葉卉軒,PERSON
617,台北,GPE
617,求職網,ORG
617,今日,DATE
617,前年,DATE
617,百萬元,MONEY
617,虞,PERSON
617,三成三,PERCENT
617,個月,DATE
617,七成,CARDINAL
617,求職網,ORG
617,楊宗斌,PERSON
617,三年,DATE
617,兩,CARDINAL
617,楊宗斌,PERSON
617,今年,DATE
617,七,CARDINAL
617,萬元,MONEY
617,楊宗斌,PERSON
617,求職網,ORG
617,年月日,DATE
617,新台幣,MONEY
617,路透,ORG
617,新台幣,MONEY
617,路透,ORG
618,三立,PERSON
618,李鴻典,PERSON
618,台北,GPE
618,台灣,GPE
618,四,CARDINAL
618,台灣,GPE
618,去年,DATE
618,前年,DATE
618,六年,DATE
618,萬元,MONEY
618,去年,DATE
618,萬元,MONEY
618,前年,DATE
618,萬元,MONEY
618,萬元,MONEY
618,萬元,MONEY
618,萬元,MONEY
618,去年,DATE
618,前年,DATE
618,虞,PERSON
618,三成五,PERCENT
618,個月,DATE
618,七成三,PERCENT
618,六成九,PERCENT
618,柳丁族,NORP
618,兩,CARDINAL
618,求職網,ORG
618,楊宗斌,PERSON
618,兩,CARDINAL
618,三,CARDINAL
618,楊宗斌,PERSON
618,四十,DATE
618,楊宗斌,PERSON
619,台灣,GPE
619,壹蘋,PERSON
619,李雅欣,PERSON
619,台灣,GPE
619,台灣,NORP
619,台灣,GPE
619,台灣,NORP
619,志祺,PERSON
619,台北,GPE
619,萬元,MONEY
619,今日,DATE
619,萬元,MONEY
619,台灣,GPE
619,台灣,NORP
619,台灣,GPE
619,美,GPE
619,中,GPE
619,台灣,GPE
619,今年,DATE
619,台灣,GPE
619,日本,GPE
619,東亞,LOC
619,台灣,GPE
619,台灣,GPE
619,台灣,GPE
619,台灣,NORP
619,中國,NORP
619,台灣,NORP
619,去年,DATE
619,台灣,GPE
619,萬元,MONEY
619,台北市,GPE
619,台灣,GPE
619,台灣,GPE
620,台大,ORG
620,二,CARDINAL
620,中華電信,ORG
620,醫美兒科家醫皮膚內科耳鼻喉科,ORG
621,勞基法,LAW
621,兩,CARDINAL
621,徳勝科技股份有限公司,ORG
621,早上,TIME
621,工會,ORG
621,英文,LANGUAGE
621,台北捷運昆陽站,FAC
621,半小時,TIME
621,周,PERSON
621,二日,DATE
621,勞基法,LAW
621,無勞健保,PERSON
621,今年,DATE
621,萬,CARDINAL
621,三,CARDINAL
621,三個月,DATE
621,二,CARDINAL
622,今天,DATE
622,上百,CARDINAL
622,兩,CARDINAL
622,二十幾年,DATE
622,十幾年,DATE
623,台大,ORG
624,上萬元,MONEY
624,多逍遙,PERSON
